..\1HVEU1098 (1).JPG,1635782474.0,1641824502.499729
..\1HVEU1098 (10).JPG,1635782754.0,1641824502.8901167
..\1HVEU1098 (100).JPG,1636137250.0,1641824503.8429656
..\1HVEU1098 (101).JPG,1636203794.0,1641824503.858586
..\1HVEU1098 (102).JPG,1636203794.0,1641824503.858586
..\1HVEU1098 (103).JPG,1636203794.0,1641824503.874208
..\1HVEU1098 (104).JPG,1636203796.0,1641824503.8898292
..\1HVEU1098 (105).JPG,1636203796.0,1641824503.9054518
..\1HVEU1098 (106).JPG,1636372158.0,1641824503.9054518
..\1HVEU1098 (107).JPG,1636372158.0,1641824503.9210722
..\1HVEU1098 (108).JPG,1636372160.0,1641824503.9366934
..\1HVEU1098 (109).JPG,1636372160.0,1641824503.9366934
..\1HVEU1098 (11).JPG,1635784124.0,1641824502.9369304
..\1HVEU1098 (110).JPG,1636372160.0,1641824503.952314
..\1HVEU1098 (111).JPG,1636372338.0,1641824503.952314
..\1HVEU1098 (112).JPG,1636372338.0,1641824503.967935
..\1HVEU1098 (113).JPG,1636372338.0,1641824503.983557
..\1HVEU1098 (114).JPG,1636372338.0,1641824503.983557
..\1HVEU1098 (115).JPG,1636372340.0,1641824503.9991784
..\1HVEU1098 (116).JPG,1636372522.0,1641824503.9991784
..\1HVEU1098 (117).JPG,1636372524.0,1641824504.0304213
..\1HVEU1098 (118).JPG,1636372524.0,1641824504.0616634
..\1HVEU1098 (119).JPG,1636372524.0,1641824504.0929062
..\1HVEU1098 (12).JPG,1635784124.0,1641824502.9683945
..\1HVEU1098 (120).JPG,1636372524.0,1641824504.1085272
..\1HVEU1098 (121).JPG,1636727274.0,1641824504.12415
..\1HVEU1098 (122).JPG,1636727274.0,1641824504.139772
..\1HVEU1098 (123).JPG,1636727276.0,1641824504.139772
..\1HVEU1098 (124).JPG,1636727276.0,1641824504.1553907
..\1HVEU1098 (125).JPG,1636727276.0,1641824504.171013
..\1HVEU1098 (126).JPG,1636727534.0,1641824504.1866338
..\1HVEU1098 (127).JPG,1636727534.0,1641824504.2022548
..\1HVEU1098 (128).JPG,1636727534.0,1641824504.2178764
..\1HVEU1098 (129).JPG,1636727534.0,1641824504.233498
..\1HVEU1098 (13).JPG,1635784126.0,1641824503.015037
..\1HVEU1098 (130).JPG,1636727536.0,1641824504.233498
..\1HVEU1098 (131).JPG,1636727746.0,1641824504.2647402
..\1HVEU1098 (132).JPG,1636727748.0,1641824504.2803614
..\1HVEU1098 (133).JPG,1636727748.0,1641824504.2803614
..\1HVEU1098 (134).JPG,1636727748.0,1641824504.2959828
..\1HVEU1098 (135).JPG,1636727748.0,1641824504.3116045
..\1HVEU1098 (136).JPG,1636727928.0,1641824504.3116045
..\1HVEU1098 (137).JPG,1636727930.0,1641824504.3272262
..\1HVEU1098 (138).JPG,1636727930.0,1641824504.342847
..\1HVEU1098 (139).JPG,1636727930.0,1641824504.342847
..\1HVEU1098 (14).JPG,1635784126.0,1641824503.0462787
..\1HVEU1098 (140).JPG,1636727930.0,1641824504.3584688
..\1HVEU1098 (141).JPG,1636728174.0,1641824504.3584688
..\1HVEU1098 (142).JPG,1636728174.0,1641824504.3740904
..\1HVEU1098 (143).JPG,1636728176.0,1641824504.389711
..\1HVEU1098 (144).JPG,1636728176.0,1641824504.389711
..\1HVEU1098 (145).JPG,1636728176.0,1641824504.4053323
..\1HVEU1098 (146).JPG,1636728366.0,1641824504.4209545
..\1HVEU1098 (147).JPG,1636728366.0,1641824504.4209545
..\1HVEU1098 (148).JPG,1636728366.0,1641824504.4365757
..\1HVEU1098 (149).JPG,1636728366.0,1641824504.452196
..\1HVEU1098 (15).JPG,1635784126.0,1641824503.0619001
..\1HVEU1098 (150).JPG,1636728368.0,1641824504.452196
..\1HVEU1098 (151).JPG,1636728544.0,1641824504.4678178
..\1HVEU1098 (152).JPG,1636728544.0,1641824504.4834392
..\1HVEU1098 (153).JPG,1636728544.0,1641824504.4834392
..\1HVEU1098 (154).JPG,1636728544.0,1641824504.4990604
..\1HVEU1098 (155).JPG,1636728546.0,1641824504.514682
..\1HVEU1098 (156).JPG,1637007116.0,1641824504.514682
..\1HVEU1098 (157).JPG,1637007116.0,1641824504.5303028
..\1HVEU1098 (158).JPG,1637007116.0,1641824504.5303028
..\1HVEU1098 (159).JPG,1637007118.0,1641824504.5459235
..\1HVEU1098 (16).JPG,1635784532.0,1641824503.0619001
..\1HVEU1098 (160).JPG,1637007118.0,1641824504.561546
..\1HVEU1098 (161).JPG,1637007460.0,1641824504.561546
..\1HVEU1098 (162).JPG,1637007460.0,1641824504.5771668
..\1HVEU1098 (163).JPG,1637007460.0,1641824504.5771668
..\1HVEU1098 (164).JPG,1637007460.0,1641824504.5927877
..\1HVEU1098 (165).JPG,1637007462.0,1641824504.5927877
..\1HVEU1098 (166).JPG,1637007672.0,1641824504.6084108
..\1HVEU1098 (167).JPG,1637007672.0,1641824504.6240313
..\1HVEU1098 (168).JPG,1637007672.0,1641824504.6240313
..\1HVEU1098 (169).JPG,1637007674.0,1641824504.6396518
..\1HVEU1098 (17).JPG,1635784532.0,1641824503.077521
..\1HVEU1098 (170).JPG,1637007674.0,1641824504.6396518
..\1HVEU1098 (171).JPG,1637008428.0,1641824504.6552725
..\1HVEU1098 (172).JPG,1637008428.0,1641824504.6552725
..\1HVEU1098 (173).JPG,1637008428.0,1641824504.6708958
..\1HVEU1098 (174).JPG,1637008428.0,1641824504.6708958
..\1HVEU1098 (175).JPG,1637008430.0,1641824504.6865156
..\1HVEU1098 (176).JPG,1637008672.0,1641824504.7021384
..\1HVEU1098 (177).JPG,1637008672.0,1641824504.7021384
..\1HVEU1098 (178).JPG,1637008672.0,1641824504.717758
..\1HVEU1098 (179).JPG,1637008672.0,1641824504.717758
..\1HVEU1098 (18).JPG,1635784532.0,1641824503.077521
..\1HVEU1098 (180).JPG,1637008672.0,1641824504.7333808
..\1HVEU1098 (181).JPG,1637166188.0,1641824504.7333808
..\1HVEU1098 (182).JPG,1637166190.0,1641824504.7490025
..\1HVEU1098 (183).JPG,1637166190.0,1641824504.7646224
..\1HVEU1098 (184).JPG,1637166190.0,1641824504.7646224
..\1HVEU1098 (185).JPG,1637166190.0,1641824504.7802436
..\1HVEU1098 (186).JPG,1637166446.0,1641824504.7802436
..\1HVEU1098 (187).JPG,1637166448.0,1641824504.795865
..\1HVEU1098 (188).JPG,1637166448.0,1641824504.8114872
..\1HVEU1098 (189).JPG,1637166448.0,1641824504.8114872
..\1HVEU1098 (19).JPG,1635784532.0,1641824503.0931444
..\1HVEU1098 (190).JPG,1637166448.0,1641824504.827108
..\1HVEU1098 (191).JPG,1637166624.0,1641824504.827108
..\1HVEU1098 (192).JPG,1637166624.0,1641824504.84273
..\1HVEU1098 (193).JPG,1637166626.0,1641824504.84273
..\1HVEU1098 (194).JPG,1637166626.0,1641824504.8583505
..\1HVEU1098 (195).JPG,1637166626.0,1641824504.8739724
..\1HVEU1098 (196).JPG,1637166818.0,1641824504.8739724
..\1HVEU1098 (197).JPG,1637166818.0,1641824504.8895926
..\1HVEU1098 (198).JPG,1637166818.0,1641824504.8895926
..\1HVEU1098 (199).JPG,1637166818.0,1641824504.9052148
..\1HVEU1098 (2).JPG,1635782474.0,1641824502.5466478
..\1HVEU1098 (20).JPG,1635784534.0,1641824503.1087646
..\1HVEU1098 (200).JPG,1637166818.0,1641824504.9052148
..\1HVEU1098 (201).JPG,1637167008.0,1641824504.920835
..\1HVEU1098 (202).JPG,1637167010.0,1641824504.920835
..\1HVEU1098 (203).JPG,1637167010.0,1641824504.9364564
..\1HVEU1098 (204).JPG,1637167010.0,1641824504.9364564
..\1HVEU1098 (205).JPG,1637167010.0,1641824504.952078
..\1HVEU1098 (206).JPG,1637167190.0,1641824504.9676995
..\1HVEU1098 (207).JPG,1637167190.0,1641824504.9676995
..\1HVEU1098 (208).JPG,1637167190.0,1641824504.9833217
..\1HVEU1098 (209).JPG,1637167190.0,1641824504.9833217
..\1HVEU1098 (21).JPG,1635784904.0,1641824503.1087646
..\1HVEU1098 (210).JPG,1637167190.0,1641824504.9989421
..\1HVEU1098 (211).JPG,1637190720.0,1641824504.9989421
..\1HVEU1098 (212).JPG,1637190720.0,1641824505.0145636
..\1HVEU1098 (213).JPG,1637190720.0,1641824505.0145636
..\1HVEU1098 (214).JPG,1637190722.0,1641824505.0301843
..\1HVEU1098 (215).JPG,1637190722.0,1641824505.0301843
..\1HVEU1098 (216).JPG,1637190932.0,1641824505.0458057
..\1HVEU1098 (217).JPG,1637190934.0,1641824505.0614276
..\1HVEU1098 (218).JPG,1637190934.0,1641824505.0614276
..\1HVEU1098 (219).JPG,1637190934.0,1641824505.0770495
..\1HVEU1098 (22).JPG,1635784904.0,1641824503.1243894
..\1HVEU1098 (220).JPG,1637190934.0,1641824505.0770495
..\1HVEU1098 (221).JPG,1637226358.0,1641824505.0926697
..\1HVEU1098 (222).JPG,1637226358.0,1641824505.108292
..\1HVEU1098 (223).JPG,1637226358.0,1641824505.108292
..\1HVEU1098 (224).JPG,1637226360.0,1641824505.123912
..\1HVEU1098 (225).JPG,1637226360.0,1641824505.123912
..\1HVEU1098 (226).JPG,1637226540.0,1641824505.139534
..\1HVEU1098 (227).JPG,1637226542.0,1641824505.1551552
..\1HVEU1098 (228).JPG,1637226542.0,1641824505.1551552
..\1HVEU1098 (229).JPG,1637226542.0,1641824505.1707766
..\1HVEU1098 (23).JPG,1635784904.0,1641824503.1400168
..\1HVEU1098 (230).JPG,1637226542.0,1641824505.1863978
..\1HVEU1098 (231).JPG,1637353212.0,1641824505.2020206
..\1HVEU1098 (232).JPG,1637353212.0,1641824505.2020206
..\1HVEU1098 (233).JPG,1637353214.0,1641824505.21764
..\1HVEU1098 (234).JPG,1637353214.0,1641824505.21764
..\1HVEU1098 (235).JPG,1637353214.0,1641824505.2332616
..\1HVEU1098 (236).JPG,1637353392.0,1641824505.2332616
..\1HVEU1098 (237).JPG,1637353394.0,1641824505.2488832
..\1HVEU1098 (238).JPG,1637353394.0,1641824505.2488832
..\1HVEU1098 (239).JPG,1637353394.0,1641824505.2645056
..\1HVEU1098 (24).JPG,1635784904.0,1641824503.1400168
..\1HVEU1098 (240).JPG,1637353926.0,1641824505.2801344
..\1HVEU1098 (241).JPG,1637353926.0,1641824505.2801344
..\1HVEU1098 (242).JPG,1637353926.0,1641824505.2957468
..\1HVEU1098 (243).JPG,1637353926.0,1641824505.2957468
..\1HVEU1098 (244).JPG,1637360524.0,1641824505.3113682
..\1HVEU1098 (245).JPG,1637360524.0,1641824505.3113682
..\1HVEU1098 (246).JPG,1637360526.0,1641824505.3269892
..\1HVEU1098 (247).JPG,1637360526.0,1641824505.3269892
..\1HVEU1098 (248).JPG,1637360526.0,1641824505.3426123
..\1HVEU1098 (249).JPG,1637360720.0,1641824505.358233
..\1HVEU1098 (25).JPG,1635784906.0,1641824503.1556277
..\1HVEU1098 (250).JPG,1637360720.0,1641824505.358233
..\1HVEU1098 (251).JPG,1637360720.0,1641824505.3738534
..\1HVEU1098 (252).JPG,1637360720.0,1641824505.405096
..\1HVEU1098 (253).JPG,1637360722.0,1641824505.4519608
..\1HVEU1098 (254).JPG,1637360922.0,1641824505.4988248
..\1HVEU1098 (255).JPG,1637360922.0,1641824505.530067
..\1HVEU1098 (256).JPG,1637360922.0,1641824505.530067
..\1HVEU1098 (257).JPG,1637360922.0,1641824505.5456877
..\1HVEU1098 (258).JPG,1637360924.0,1641824505.561309
..\1HVEU1098 (259).JPG,1637361096.0,1641824505.561309
..\1HVEU1098 (26).JPG,1635785180.0,1641824503.1712492
..\1HVEU1098 (260).JPG,1637361096.0,1641824505.5769308
..\1HVEU1098 (261).JPG,1637361096.0,1641824505.5769308
..\1HVEU1098 (262).JPG,1637361096.0,1641824505.5925546
..\1HVEU1098 (263).JPG,1637361096.0,1641824505.5925546
..\1HVEU1098 (264).JPG,1637361302.0,1641824505.6081743
..\1HVEU1098 (265).JPG,1637361302.0,1641824505.6081743
..\1HVEU1098 (266).JPG,1637361302.0,1641824505.6237946
..\1HVEU1098 (267).JPG,1637361302.0,1641824505.6394155
..\1HVEU1098 (268).JPG,1637361304.0,1641824505.6394155
..\1HVEU1098 (269).JPG,1637361706.0,1641824505.6550376
..\1HVEU1098 (27).JPG,1635785182.0,1641824503.1712492
..\1HVEU1098 (270).JPG,1637361708.0,1641824505.6550376
..\1HVEU1098 (271).JPG,1637361708.0,1641824505.670661
..\1HVEU1098 (272).JPG,1637361708.0,1641824505.670661
..\1HVEU1098 (273).JPG,1637361708.0,1641824505.68628
..\1HVEU1098 (274).JPG,1637683238.0,1641824505.7019107
..\1HVEU1098 (275).JPG,1637683238.0,1641824505.7019107
..\1HVEU1098 (276).JPG,1637683238.0,1641824505.717522
..\1HVEU1098 (277).JPG,1637683240.0,1641824505.7331438
..\1HVEU1098 (278).JPG,1637683240.0,1641824505.7331438
..\1HVEU1098 (279).JPG,1637683502.0,1641824505.7487655
..\1HVEU1098 (28).JPG,1635785182.0,1641824503.1869087
..\1HVEU1098 (280).JPG,1637683502.0,1641824505.7487655
..\1HVEU1098 (281).JPG,1637683502.0,1641824505.764386
..\1HVEU1098 (282).JPG,1637683504.0,1641824505.780008
..\1HVEU1098 (283).JPG,1637683504.0,1641824505.780008
..\1HVEU1098 (284).JPG,1637687514.0,1641824505.7956283
..\1HVEU1098 (285).JPG,1637687514.0,1641824505.7956283
..\1HVEU1098 (286).JPG,1637687514.0,1641824505.8112512
..\1HVEU1098 (287).JPG,1637687516.0,1641824505.8112512
..\1HVEU1098 (288).JPG,1637687516.0,1641824505.8268712
..\1HVEU1098 (289).JPG,1637812760.0,1641824505.8424933
..\1HVEU1098 (29).JPG,1635785182.0,1641824503.1869087
..\1HVEU1098 (290).JPG,1637812760.0,1641824505.8424933
..\1HVEU1098 (291).JPG,1637812762.0,1641824505.8581147
..\1HVEU1098 (292).JPG,1637812762.0,1641824505.8581147
..\1HVEU1098 (293).JPG,1637812762.0,1641824505.8737352
..\1HVEU1098 (294).JPG,1637813020.0,1641824505.8737352
..\1HVEU1098 (295).JPG,1637813020.0,1641824505.8893566
..\1HVEU1098 (296).JPG,1637813020.0,1641824505.8893566
..\1HVEU1098 (297).JPG,1637813022.0,1641824505.904978
..\1HVEU1098 (298).JPG,1637813022.0,1641824505.904978
..\1HVEU1098 (299).JPG,1637813242.0,1641824505.920599
..\1HVEU1098 (3).JPG,1635782474.0,1641824502.5778656
..\1HVEU1098 (30).JPG,1635785182.0,1641824503.218116
..\1HVEU1098 (300).JPG,1637813242.0,1641824505.936221
..\1HVEU1098 (301).JPG,1637813242.0,1641824505.936221
..\1HVEU1098 (302).JPG,1637813244.0,1641824505.951842
..\1HVEU1098 (303).JPG,1637813244.0,1641824505.951842
..\1HVEU1098 (304).JPG,1637813436.0,1641824505.967463
..\1HVEU1098 (305).JPG,1637813436.0,1641824505.9830863
..\1HVEU1098 (306).JPG,1637813436.0,1641824505.9830863
..\1HVEU1098 (307).JPG,1637813436.0,1641824505.9987066
..\1HVEU1098 (308).JPG,1637813436.0,1641824505.9987066
..\1HVEU1098 (309).JPG,1637813622.0,1641824506.014327
..\1HVEU1098 (31).JPG,1636001506.0,1641824503.218116
..\1HVEU1098 (310).JPG,1637813622.0,1641824506.014327
..\1HVEU1098 (311).JPG,1637813622.0,1641824506.029948
..\1HVEU1098 (312).JPG,1637813622.0,1641824506.0455706
..\1HVEU1098 (313).JPG,1637813624.0,1641824506.0455706
..\1HVEU1098 (314).JPG,1637813942.0,1641824506.0611918
..\1HVEU1098 (315).JPG,1637813942.0,1641824506.0611918
..\1HVEU1098 (316).JPG,1637813942.0,1641824506.0768125
..\1HVEU1098 (317).JPG,1637813944.0,1641824506.0768125
..\1HVEU1098 (318).JPG,1637813944.0,1641824506.0924342
..\1HVEU1098 (319).JPG,1637814116.0,1641824506.0924342
..\1HVEU1098 (32).JPG,1636001506.0,1641824503.2337356
..\1HVEU1098 (320).JPG,1637814116.0,1641824506.1080554
..\1HVEU1098 (321).JPG,1637814116.0,1641824506.1080554
..\1HVEU1098 (322).JPG,1637814118.0,1641824506.1236777
..\1HVEU1098 (323).JPG,1637814118.0,1641824506.1236777
..\1HVEU1098 (324).JPG,1637814556.0,1641824506.139298
..\1HVEU1098 (325).JPG,1637814556.0,1641824506.1549199
..\1HVEU1098 (326).JPG,1637814556.0,1641824506.1549199
..\1HVEU1098 (327).JPG,1637814556.0,1641824506.1705408
..\1HVEU1098 (328).JPG,1637814556.0,1641824506.1705408
..\1HVEU1098 (329).JPG,1637815020.0,1641824506.186162
..\1HVEU1098 (33).JPG,1636001506.0,1641824503.2337356
..\1HVEU1098 (330).JPG,1637815020.0,1641824506.186162
..\1HVEU1098 (331).JPG,1637815020.0,1641824506.2017825
..\1HVEU1098 (332).JPG,1637815020.0,1641824506.2017825
..\1HVEU1098 (333).JPG,1637815020.0,1641824506.2174044
..\1HVEU1098 (334).JPG,1637815244.0,1641824506.2174044
..\1HVEU1098 (335).JPG,1637815246.0,1641824506.2330256
..\1HVEU1098 (336).JPG,1637815246.0,1641824506.2486475
..\1HVEU1098 (337).JPG,1637815246.0,1641824506.2486475
..\1HVEU1098 (338).JPG,1637815246.0,1641824506.2642684
..\1HVEU1098 (339).JPG,1637815494.0,1641824506.2642684
..\1HVEU1098 (34).JPG,1636001506.0,1641824503.2493553
..\1HVEU1098 (340).JPG,1637815494.0,1641824506.279889
..\1HVEU1098 (341).JPG,1637815494.0,1641824506.279889
..\1HVEU1098 (342).JPG,1637815494.0,1641824506.295511
..\1HVEU1098 (343).JPG,1637815494.0,1641824506.295511
..\1HVEU1098 (344).JPG,1637818304.0,1641824506.3111317
..\1HVEU1098 (345).JPG,1637818304.0,1641824506.3267546
..\1HVEU1098 (346).JPG,1637818306.0,1641824506.3267546
..\1HVEU1098 (347).JPG,1637818306.0,1641824506.342376
..\1HVEU1098 (348).JPG,1637818306.0,1641824506.342376
..\1HVEU1098 (349).JPG,1637818508.0,1641824506.3579965
..\1HVEU1098 (35).JPG,1636001508.0,1641824503.2493553
..\1HVEU1098 (350).JPG,1637818508.0,1641824506.3579965
..\1HVEU1098 (351).JPG,1637818508.0,1641824506.3736172
..\1HVEU1098 (352).JPG,1637818508.0,1641824506.3736172
..\1HVEU1098 (353).JPG,1637818510.0,1641824506.389239
..\1HVEU1098 (354).JPG,1637818706.0,1641824506.389239
..\1HVEU1098 (355).JPG,1637818706.0,1641824506.4048598
..\1HVEU1098 (356).JPG,1637818708.0,1641824506.4048598
..\1HVEU1098 (357).JPG,1637818708.0,1641824506.4204814
..\1HVEU1098 (358).JPG,1637818708.0,1641824506.436103
..\1HVEU1098 (359).JPG,1637818936.0,1641824506.436103
..\1HVEU1098 (36).JPG,1636001744.0,1641824503.2649772
..\1HVEU1098 (360).JPG,1637818936.0,1641824506.4517238
..\1HVEU1098 (361).JPG,1637818938.0,1641824506.4517238
..\1HVEU1098 (362).JPG,1637818938.0,1641824506.4673457
..\1HVEU1098 (363).JPG,1637818938.0,1641824506.4829662
..\1HVEU1098 (364).JPG,1637819112.0,1641824506.4829662
..\1HVEU1098 (365).JPG,1637819112.0,1641824506.4985893
..\1HVEU1098 (366).JPG,1637819112.0,1641824506.4985893
..\1HVEU1098 (367).JPG,1637819112.0,1641824506.5142088
..\1HVEU1098 (368).JPG,1638025566.0,1641824506.5142088
..\1HVEU1098 (369).JPG,1638025566.0,1641824506.5298307
..\1HVEU1098 (37).JPG,1636001744.0,1641824503.2649772
..\1HVEU1098 (370).JPG,1638025566.0,1641824506.5298307
..\1HVEU1098 (371).JPG,1638025566.0,1641824506.5454535
..\1HVEU1098 (372).JPG,1638025568.0,1641824506.5454535
..\1HVEU1098 (373).JPG,1638055988.0,1641824506.5610743
..\1HVEU1098 (374).JPG,1638055988.0,1641824506.5610743
..\1HVEU1098 (375).JPG,1638055988.0,1641824506.576694
..\1HVEU1098 (376).JPG,1638055990.0,1641824506.576694
..\1HVEU1098 (377).JPG,1638055990.0,1641824506.5923173
..\1HVEU1098 (378).JPG,1638056324.0,1641824506.5923173
..\1HVEU1098 (379).JPG,1638056326.0,1641824506.6079376
..\1HVEU1098 (38).JPG,1636001746.0,1641824503.2805974
..\1HVEU1098 (380).JPG,1638056326.0,1641824506.6235585
..\1HVEU1098 (381).JPG,1638056326.0,1641824506.6235585
..\1HVEU1098 (382).JPG,1638056326.0,1641824506.6391797
..\1HVEU1098 (383).JPG,1638056506.0,1641824506.6391797
..\1HVEU1098 (384).JPG,1638124964.0,1641824506.6548011
..\1HVEU1098 (385).JPG,1638124964.0,1641824506.6548011
..\1HVEU1098 (386).JPG,1638124964.0,1641824506.6704233
..\1HVEU1098 (387).JPG,1638124964.0,1641824506.6704233
..\1HVEU1098 (388).JPG,1638125194.0,1641824506.6860447
..\1HVEU1098 (389).JPG,1638125194.0,1641824506.701666
..\1HVEU1098 (39).JPG,1636001746.0,1641824503.2805974
..\1HVEU1098 (390).JPG,1638125194.0,1641824506.701666
..\1HVEU1098 (391).JPG,1638125196.0,1641824506.7172863
..\1HVEU1098 (392).JPG,1638125196.0,1641824506.7172863
..\1HVEU1098 (393).JPG,1638187502.0,1641824506.7329078
..\1HVEU1098 (394).JPG,1638187502.0,1641824506.7329078
..\1HVEU1098 (395).JPG,1638187502.0,1641824506.7485292
..\1HVEU1098 (396).JPG,1638187502.0,1641824506.76415
..\1HVEU1098 (397).JPG,1638187502.0,1641824506.7953937
..\1HVEU1098 (398).JPG,1638187684.0,1641824506.8266368
..\1HVEU1098 (399).JPG,1638187684.0,1641824506.857878
..\1HVEU1098 (4).JPG,1635782474.0,1641824502.6247268
..\1HVEU1098 (40).JPG,1636001746.0,1641824503.3118508
..\1HVEU1098 (400).JPG,1638187684.0,1641824506.8734996
..\1HVEU1098 (401).JPG,1638187684.0,1641824506.9047415
..\1HVEU1098 (402).JPG,1638187686.0,1641824506.9359863
..\1HVEU1098 (403).JPG,1638187860.0,1641824506.9516068
..\1HVEU1098 (404).JPG,1638187860.0,1641824506.9672272
..\1HVEU1098 (405).JPG,1638187862.0,1641824506.9672272
..\1HVEU1098 (406).JPG,1638187862.0,1641824506.982851
..\1HVEU1098 (407).JPG,1638187862.0,1641824506.9984705
..\1HVEU1098 (408).JPG,1638188044.0,1641824506.9984705
..\1HVEU1098 (409).JPG,1638188044.0,1641824507.0140913
..\1HVEU1098 (41).JPG,1636002004.0,1641824503.3274624
..\1HVEU1098 (410).JPG,1638188044.0,1641824507.0140913
..\1HVEU1098 (411).JPG,1638188044.0,1641824507.0297139
..\1HVEU1098 (412).JPG,1638188044.0,1641824507.045334
..\1HVEU1098 (413).JPG,1638193108.0,1641824507.045334
..\1HVEU1098 (414).JPG,1638193108.0,1641824507.060955
..\1HVEU1098 (415).JPG,1638193108.0,1641824507.060955
..\1HVEU1098 (416).JPG,1638193108.0,1641824507.076578
..\1HVEU1098 (417).JPG,1638193108.0,1641824507.076578
..\1HVEU1098 (418).JPG,1638193296.0,1641824507.0921996
..\1HVEU1098 (419).JPG,1638193296.0,1641824507.0921996
..\1HVEU1098 (42).JPG,1636002004.0,1641824503.3274624
..\1HVEU1098 (420).JPG,1638193296.0,1641824507.0921996
..\1HVEU1098 (421).JPG,1638193296.0,1641824507.107819
..\1HVEU1098 (422).JPG,1638193296.0,1641824507.107819
..\1HVEU1098 (423).JPG,1638223832.0,1641824507.1234422
..\1HVEU1098 (424).JPG,1638223834.0,1641824507.1234422
..\1HVEU1098 (425).JPG,1638223834.0,1641824507.139061
..\1HVEU1098 (426).JPG,1638223834.0,1641824507.139061
..\1HVEU1098 (427).JPG,1638223834.0,1641824507.1546836
..\1HVEU1098 (428).JPG,1638224108.0,1641824507.1546836
..\1HVEU1098 (429).JPG,1638224108.0,1641824507.170304
..\1HVEU1098 (43).JPG,1636002004.0,1641824503.3430834
..\1HVEU1098 (430).JPG,1638224108.0,1641824507.170304
..\1HVEU1098 (431).JPG,1638224110.0,1641824507.1859255
..\1HVEU1098 (432).JPG,1638224110.0,1641824507.1859255
..\1HVEU1098 (433).JPG,1638224374.0,1641824507.201547
..\1HVEU1098 (434).JPG,1638224374.0,1641824507.201547
..\1HVEU1098 (435).JPG,1638224374.0,1641824507.21717
..\1HVEU1098 (436).JPG,1638224374.0,1641824507.21717
..\1HVEU1098 (437).JPG,1638224374.0,1641824507.2327895
..\1HVEU1098 (438).JPG,1638224674.0,1641824507.2327895
..\1HVEU1098 (439).JPG,1638224676.0,1641824507.248412
..\1HVEU1098 (44).JPG,1636002006.0,1641824503.3430834
..\1HVEU1098 (440).JPG,1638224676.0,1641824507.2640324
..\1HVEU1098 (441).JPG,1638224676.0,1641824507.2640324
..\1HVEU1098 (442).JPG,1638224676.0,1641824507.2796538
..\1HVEU1098 (443).JPG,1638225170.0,1641824507.2796538
..\1HVEU1098 (444).JPG,1638225170.0,1641824507.2952752
..\1HVEU1098 (445).JPG,1638225170.0,1641824507.2952752
..\1HVEU1098 (446).JPG,1638225170.0,1641824507.310897
..\1HVEU1098 (447).JPG,1638225172.0,1641824507.310897
..\1HVEU1098 (448).JPG,1638537310.0,1641824507.326517
..\1HVEU1098 (449).JPG,1638537310.0,1641824507.326517
..\1HVEU1098 (45).JPG,1636002006.0,1641824503.358704
..\1HVEU1098 (450).JPG,1638537310.0,1641824507.34214
..\1HVEU1098 (451).JPG,1638537312.0,1641824507.34214
..\1HVEU1098 (452).JPG,1638537312.0,1641824507.34214
..\1HVEU1098 (453).JPG,1638537578.0,1641824507.3577611
..\1HVEU1098 (454).JPG,1638537578.0,1641824507.3577611
..\1HVEU1098 (455).JPG,1638537578.0,1641824507.373381
..\1HVEU1098 (456).JPG,1638537578.0,1641824507.373381
..\1HVEU1098 (457).JPG,1638537578.0,1641824507.389002
..\1HVEU1098 (458).JPG,1638537808.0,1641824507.389002
..\1HVEU1098 (459).JPG,1638537808.0,1641824507.389002
..\1HVEU1098 (46).JPG,1636002414.0,1641824503.3743255
..\1HVEU1098 (460).JPG,1638537808.0,1641824507.4046235
..\1HVEU1098 (461).JPG,1638537808.0,1641824507.4046235
..\1HVEU1098 (462).JPG,1638537808.0,1641824507.420245
..\1HVEU1098 (463).JPG,1638538086.0,1641824507.420245
..\1HVEU1098 (464).JPG,1638538086.0,1641824507.4358673
..\1HVEU1098 (465).JPG,1638538086.0,1641824507.4358673
..\1HVEU1098 (466).JPG,1638538088.0,1641824507.4358673
..\1HVEU1098 (467).JPG,1638538088.0,1641824507.4514875
..\1HVEU1098 (468).JPG,1638820626.0,1641824507.4514875
..\1HVEU1098 (469).JPG,1638820628.0,1641824507.4671092
..\1HVEU1098 (47).JPG,1636002414.0,1641824503.3743255
..\1HVEU1098 (470).JPG,1638820628.0,1641824507.4671092
..\1HVEU1098 (471).JPG,1638820628.0,1641824507.4827313
..\1HVEU1098 (472).JPG,1638820628.0,1641824507.4983542
..\1HVEU1098 (473).JPG,1638820962.0,1641824507.4983542
..\1HVEU1098 (474).JPG,1638820962.0,1641824507.5139742
..\1HVEU1098 (475).JPG,1638820962.0,1641824507.5139742
..\1HVEU1098 (476).JPG,1638820962.0,1641824507.5295954
..\1HVEU1098 (477).JPG,1638820962.0,1641824507.5295954
..\1HVEU1098 (478).JPG,1638821170.0,1641824507.5452151
..\1HVEU1098 (479).JPG,1638821170.0,1641824507.5452151
..\1HVEU1098 (48).JPG,1636002416.0,1641824503.3899546
..\1HVEU1098 (480).JPG,1638821170.0,1641824507.5608363
..\1HVEU1098 (481).JPG,1638821170.0,1641824507.5608363
..\1HVEU1098 (482).JPG,1638821170.0,1641824507.5764582
..\1HVEU1098 (483).JPG,1638821486.0,1641824507.5764582
..\1HVEU1098 (484).JPG,1638821486.0,1641824507.5920897
..\1HVEU1098 (485).JPG,1638821486.0,1641824507.5920897
..\1HVEU1098 (486).JPG,1638821486.0,1641824507.6077013
..\1HVEU1098 (487).JPG,1638821488.0,1641824507.6077013
..\1HVEU1098 (488).JPG,1638821754.0,1641824507.6233227
..\1HVEU1098 (489).JPG,1638821754.0,1641824507.6233227
..\1HVEU1098 (49).JPG,1636002416.0,1641824503.3899546
..\1HVEU1098 (490).JPG,1638821754.0,1641824507.638944
..\1HVEU1098 (491).JPG,1638821754.0,1641824507.638944
..\1HVEU1098 (492).JPG,1638821754.0,1641824507.6545646
..\1HVEU1098 (493).JPG,1638822072.0,1641824507.6545646
..\1HVEU1098 (494).JPG,1638822072.0,1641824507.6701882
..\1HVEU1098 (495).JPG,1638822072.0,1641824507.6858094
..\1HVEU1098 (496).JPG,1638822074.0,1641824507.6858094
..\1HVEU1098 (497).JPG,1638822074.0,1641824507.7014291
..\1HVEU1098 (498).JPG,1638822312.0,1641824507.7014291
..\1HVEU1098 (499).JPG,1638822312.0,1641824507.7170503
..\1HVEU1098 (5).JPG,1635782474.0,1641824502.6713684
..\1HVEU1098 (50).JPG,1636002416.0,1641824503.4055676
..\1HVEU1098 (500).JPG,1638822314.0,1641824507.7170503
..\1HVEU1098 (501).JPG,1638822314.0,1641824507.732671
..\1HVEU1098 (502).JPG,1638822314.0,1641824507.732671
..\1HVEU1098 (503).JPG,1638822580.0,1641824507.7482922
..\1HVEU1098 (504).JPG,1638822580.0,1641824507.7482922
..\1HVEU1098 (505).JPG,1638822580.0,1641824507.7639143
..\1HVEU1098 (506).JPG,1638822580.0,1641824507.7639143
..\1HVEU1098 (507).JPG,1638822580.0,1641824507.7795358
..\1HVEU1098 (508).JPG,1638822838.0,1641824507.7795358
..\1HVEU1098 (509).JPG,1638822840.0,1641824507.7951574
..\1HVEU1098 (51).JPG,1636003054.0,1641824503.4055676
..\1HVEU1098 (510).JPG,1638822840.0,1641824507.7951574
..\1HVEU1098 (511).JPG,1638822840.0,1641824507.810778
..\1HVEU1098 (512).JPG,1638822840.0,1641824507.810778
..\1HVEU1098 (513).JPG,1638884880.0,1641824507.8263993
..\1HVEU1098 (514).JPG,1638884880.0,1641824507.8263993
..\1HVEU1098 (515).JPG,1638884880.0,1641824507.8420215
..\1HVEU1098 (516).JPG,1638884880.0,1641824507.8420215
..\1HVEU1098 (517).JPG,1638884880.0,1641824507.8576417
..\1HVEU1098 (518).JPG,1638935160.0,1641824507.8576417
..\1HVEU1098 (519).JPG,1638935160.0,1641824507.8732636
..\1HVEU1098 (52).JPG,1636003054.0,1641824503.4211895
..\1HVEU1098 (520).JPG,1638935162.0,1641824507.8732636
..\1HVEU1098 (521).JPG,1638935162.0,1641824507.8888843
..\1HVEU1098 (522).JPG,1638935162.0,1641824507.8888843
..\1HVEU1098 (523).JPG,1638935346.0,1641824507.9045062
..\1HVEU1098 (524).JPG,1638935346.0,1641824507.9045062
..\1HVEU1098 (525).JPG,1638935346.0,1641824507.9201264
..\1HVEU1098 (526).JPG,1638935348.0,1641824507.9201264
..\1HVEU1098 (527).JPG,1638935348.0,1641824507.9357479
..\1HVEU1098 (528).JPG,1638935650.0,1641824507.9357479
..\1HVEU1098 (529).JPG,1638935650.0,1641824507.9513705
..\1HVEU1098 (53).JPG,1636003054.0,1641824503.4211895
..\1HVEU1098 (530).JPG,1638935650.0,1641824507.9513705
..\1HVEU1098 (531).JPG,1638935650.0,1641824507.966991
..\1HVEU1098 (532).JPG,1638935650.0,1641824507.9826124
..\1HVEU1098 (533).JPG,1638935854.0,1641824507.9826124
..\1HVEU1098 (534).JPG,1638935854.0,1641824507.998235
..\1HVEU1098 (535).JPG,1638935854.0,1641824507.998235
..\1HVEU1098 (536).JPG,1638935854.0,1641824508.0138605
..\1HVEU1098 (537).JPG,1638935854.0,1641824508.0138605
..\1HVEU1098 (538).JPG,1638936308.0,1641824508.029477
..\1HVEU1098 (539).JPG,1638936308.0,1641824508.029477
..\1HVEU1098 (54).JPG,1636003056.0,1641824503.4368107
..\1HVEU1098 (540).JPG,1638936308.0,1641824508.0450974
..\1HVEU1098 (541).JPG,1638936310.0,1641824508.0450974
..\1HVEU1098 (542).JPG,1638936310.0,1641824508.060719
..\1HVEU1098 (543).JPG,1639036376.0,1641824508.060719
..\1HVEU1098 (544).JPG,1639036376.0,1641824508.0763407
..\1HVEU1098 (545).JPG,1639036376.0,1641824508.0763407
..\1HVEU1098 (546).JPG,1639036378.0,1641824508.0919619
..\1HVEU1098 (547).JPG,1639036378.0,1641824508.0919619
..\1HVEU1098 (548).JPG,1639036690.0,1641824508.0919619
..\1HVEU1098 (549).JPG,1639036690.0,1641824508.123204
..\1HVEU1098 (55).JPG,1636003056.0,1641824503.4368107
..\1HVEU1098 (550).JPG,1639036690.0,1641824508.1544461
..\1HVEU1098 (551).JPG,1639036690.0,1641824508.1856894
..\1HVEU1098 (552).JPG,1639036690.0,1641824508.2169318
..\1HVEU1098 (553).JPG,1639036946.0,1641824508.2325528
..\1HVEU1098 (554).JPG,1639036946.0,1641824508.2637959
..\1HVEU1098 (555).JPG,1639036946.0,1641824508.31066
..\1HVEU1098 (556).JPG,1639036946.0,1641824508.3419025
..\1HVEU1098 (557).JPG,1639036948.0,1641824508.3419025
..\1HVEU1098 (558).JPG,1639037238.0,1641824508.3575232
..\1HVEU1098 (559).JPG,1639037238.0,1641824508.3575232
..\1HVEU1098 (56).JPG,1636003284.0,1641824503.4525006
..\1HVEU1098 (560).JPG,1639037238.0,1641824508.3731453
..\1HVEU1098 (561).JPG,1639037238.0,1641824508.3731453
..\1HVEU1098 (562).JPG,1639037238.0,1641824508.388767
..\1HVEU1098 (563).JPG,1639037466.0,1641824508.388767
..\1HVEU1098 (564).JPG,1639037466.0,1641824508.388767
..\1HVEU1098 (565).JPG,1639037466.0,1641824508.4043882
..\1HVEU1098 (566).JPG,1639037466.0,1641824508.4043882
..\1HVEU1098 (567).JPG,1639037466.0,1641824508.420009
..\1HVEU1098 (568).JPG,1639146414.0,1641824508.420009
..\1HVEU1098 (569).JPG,1639146414.0,1641824508.420009
..\1HVEU1098 (57).JPG,1636003286.0,1641824503.4525006
..\1HVEU1098 (570).JPG,1639146414.0,1641824508.4356303
..\1HVEU1098 (571).JPG,1639146414.0,1641824508.4356303
..\1HVEU1098 (572).JPG,1639146416.0,1641824508.4512525
..\1HVEU1098 (573).JPG,1639146934.0,1641824508.4512525
..\1HVEU1098 (574).JPG,1639146934.0,1641824508.4668748
..\1HVEU1098 (575).JPG,1639146934.0,1641824508.4668748
..\1HVEU1098 (576).JPG,1639146936.0,1641824508.4668748
..\1HVEU1098 (577).JPG,1639146936.0,1641824508.482494
..\1HVEU1098 (578).JPG,1639147138.0,1641824508.482494
..\1HVEU1098 (579).JPG,1639147138.0,1641824508.498115
..\1HVEU1098 (58).JPG,1636003286.0,1641824503.468086
..\1HVEU1098 (580).JPG,1639147138.0,1641824508.498115
..\1HVEU1098 (581).JPG,1639147138.0,1641824508.498115
..\1HVEU1098 (582).JPG,1639147138.0,1641824508.513738
..\1HVEU1098 (583).JPG,1639147334.0,1641824508.513738
..\1HVEU1098 (584).JPG,1639147336.0,1641824508.529358
..\1HVEU1098 (585).JPG,1639147336.0,1641824508.529358
..\1HVEU1098 (586).JPG,1639147336.0,1641824508.529358
..\1HVEU1098 (587).JPG,1639147336.0,1641824508.5449798
..\1HVEU1098 (588).JPG,1639147512.0,1641824508.5449798
..\1HVEU1098 (589).JPG,1639147512.0,1641824508.560601
..\1HVEU1098 (59).JPG,1636003286.0,1641824503.4836771
..\1HVEU1098 (590).JPG,1639147514.0,1641824508.560601
..\1HVEU1098 (591).JPG,1639147514.0,1641824508.5762222
..\1HVEU1098 (592).JPG,1639147514.0,1641824508.5762222
..\1HVEU1098 (593).JPG,1639147802.0,1641824508.5762222
..\1HVEU1098 (594).JPG,1639147804.0,1641824508.5918438
..\1HVEU1098 (595).JPG,1639147804.0,1641824508.5918438
..\1HVEU1098 (596).JPG,1639147804.0,1641824508.6074648
..\1HVEU1098 (597).JPG,1639147804.0,1641824508.6074648
..\1HVEU1098 (598).JPG,1639219478.0,1641824508.6230876
..\1HVEU1098 (599).JPG,1639219478.0,1641824508.6230876
..\1HVEU1098 (6).JPG,1635782752.0,1641824502.718232
..\1HVEU1098 (60).JPG,1636003286.0,1641824503.4836771
..\1HVEU1098 (600).JPG,1639219478.0,1641824508.6387079
..\1HVEU1098 (601).JPG,1639219478.0,1641824508.6387079
..\1HVEU1098 (602).JPG,1639219478.0,1641824508.654329
..\1HVEU1098 (603).JPG,1639219698.0,1641824508.654329
..\1HVEU1098 (604).JPG,1639219698.0,1641824508.66995
..\1HVEU1098 (605).JPG,1639219698.0,1641824508.66995
..\1HVEU1098 (606).JPG,1639219698.0,1641824508.685576
..\1HVEU1098 (607).JPG,1639219698.0,1641824508.685576
..\1HVEU1098 (608).JPG,1639219914.0,1641824508.7011929
..\1HVEU1098 (609).JPG,1639219914.0,1641824508.7011929
..\1HVEU1098 (61).JPG,1636135432.0,1641824503.4992983
..\1HVEU1098 (610).JPG,1639219914.0,1641824508.7011929
..\1HVEU1098 (611).JPG,1639219914.0,1641824508.7168162
..\1HVEU1098 (612).JPG,1639219914.0,1641824508.7168162
..\1HVEU1098 (613).JPG,1639220132.0,1641824508.732435
..\1HVEU1098 (614).JPG,1639220132.0,1641824508.732435
..\1HVEU1098 (615).JPG,1639220132.0,1641824508.7480564
..\1HVEU1098 (616).JPG,1639220132.0,1641824508.7480564
..\1HVEU1098 (617).JPG,1639220132.0,1641824508.7636778
..\1HVEU1098 (618).JPG,1639220522.0,1641824508.7636778
..\1HVEU1098 (619).JPG,1639220522.0,1641824508.7792993
..\1HVEU1098 (62).JPG,1636135432.0,1641824503.4992983
..\1HVEU1098 (620).JPG,1639220522.0,1641824508.7792993
..\1HVEU1098 (621).JPG,1639220522.0,1641824508.794921
..\1HVEU1098 (622).JPG,1639220522.0,1641824508.794921
..\1HVEU1098 (623).JPG,1639220712.0,1641824508.8105428
..\1HVEU1098 (624).JPG,1639220712.0,1641824508.8105428
..\1HVEU1098 (625).JPG,1639220712.0,1641824508.826164
..\1HVEU1098 (626).JPG,1639220712.0,1641824508.826164
..\1HVEU1098 (627).JPG,1639220712.0,1641824508.841784
..\1HVEU1098 (628).JPG,1639382152.0,1641824508.8574066
..\1HVEU1098 (629).JPG,1639382154.0,1641824508.8574066
..\1HVEU1098 (63).JPG,1636135432.0,1641824503.5149214
..\1HVEU1098 (630).JPG,1639382154.0,1641824508.873028
..\1HVEU1098 (631).JPG,1639382154.0,1641824508.873028
..\1HVEU1098 (632).JPG,1639382154.0,1641824508.8886485
..\1HVEU1098 (633).JPG,1639382334.0,1641824508.8886485
..\1HVEU1098 (634).JPG,1639382334.0,1641824508.9042702
..\1HVEU1098 (635).JPG,1639382334.0,1641824508.9042702
..\1HVEU1098 (636).JPG,1639382334.0,1641824508.9198918
..\1HVEU1098 (637).JPG,1639382334.0,1641824508.9198918
..\1HVEU1098 (638).JPG,1639382586.0,1641824508.935512
..\1HVEU1098 (639).JPG,1639382586.0,1641824508.935512
..\1HVEU1098 (64).JPG,1636135432.0,1641824503.5305412
..\1HVEU1098 (640).JPG,1639382586.0,1641824508.9511333
..\1HVEU1098 (641).JPG,1639382586.0,1641824508.9511333
..\1HVEU1098 (642).JPG,1639382586.0,1641824508.966755
..\1HVEU1098 (643).JPG,1639408204.0,1641824508.966755
..\1HVEU1098 (644).JPG,1639408204.0,1641824508.966755
..\1HVEU1098 (645).JPG,1639408204.0,1641824508.982378
..\1HVEU1098 (646).JPG,1639408206.0,1641824508.982378
..\1HVEU1098 (647).JPG,1639408206.0,1641824508.9979978
..\1HVEU1098 (648).JPG,1639408516.0,1641824508.9979978
..\1HVEU1098 (649).JPG,1639408516.0,1641824509.0136187
..\1HVEU1098 (65).JPG,1636135432.0,1641824503.5305412
..\1HVEU1098 (650).JPG,1639408516.0,1641824509.0136187
..\1HVEU1098 (651).JPG,1639408516.0,1641824509.0292406
..\1HVEU1098 (652).JPG,1639408516.0,1641824509.0292406
..\1HVEU1098 (653).JPG,1639409176.0,1641824509.044861
..\1HVEU1098 (654).JPG,1639409176.0,1641824509.044861
..\1HVEU1098 (655).JPG,1639409176.0,1641824509.0604832
..\1HVEU1098 (656).JPG,1639409176.0,1641824509.0604832
..\1HVEU1098 (657).JPG,1639409176.0,1641824509.0761046
..\1HVEU1098 (658).JPG,1639409454.0,1641824509.0761046
..\1HVEU1098 (659).JPG,1639409454.0,1641824509.0917256
..\1HVEU1098 (66).JPG,1636135656.0,1641824503.5461602
..\1HVEU1098 (660).JPG,1639409454.0,1641824509.0917256
..\1HVEU1098 (661).JPG,1639409454.0,1641824509.1073465
..\1HVEU1098 (662).JPG,1639409454.0,1641824509.1073465
..\1HVEU1098 (663).JPG,1639438510.0,1641824509.1229763
..\1HVEU1098 (664).JPG,1639438510.0,1641824509.1229763
..\1HVEU1098 (665).JPG,1639438512.0,1641824509.1385894
..\1HVEU1098 (666).JPG,1639438512.0,1641824509.1542108
..\1HVEU1098 (667).JPG,1639438512.0,1641824509.1542108
..\1HVEU1098 (668).JPG,1639439244.0,1641824509.1698327
..\1HVEU1098 (669).JPG,1639439244.0,1641824509.1854541
..\1HVEU1098 (67).JPG,1636135656.0,1641824503.5461602
..\1HVEU1098 (670).JPG,1639439244.0,1641824509.1854541
..\1HVEU1098 (671).JPG,1639439246.0,1641824509.201075
..\1HVEU1098 (672).JPG,1639439246.0,1641824509.216697
..\1HVEU1098 (673).JPG,1639440176.0,1641824509.216697
..\1HVEU1098 (674).JPG,1639440176.0,1641824509.232317
..\1HVEU1098 (675).JPG,1639440178.0,1641824509.232317
..\1HVEU1098 (676).JPG,1639440178.0,1641824509.2479384
..\1HVEU1098 (677).JPG,1639440178.0,1641824509.2635608
..\1HVEU1098 (678).JPG,1639538374.0,1641824509.2635608
..\1HVEU1098 (679).JPG,1639538374.0,1641824509.279181
..\1HVEU1098 (68).JPG,1636135656.0,1641824503.5617824
..\1HVEU1098 (680).JPG,1639538374.0,1641824509.2948027
..\1HVEU1098 (681).JPG,1639538374.0,1641824509.2948027
..\1HVEU1098 (682).JPG,1639538374.0,1641824509.3104236
..\1HVEU1098 (683).JPG,1639628278.0,1641824509.3260455
..\1HVEU1098 (684).JPG,1639628278.0,1641824509.3260455
..\1HVEU1098 (685).JPG,1639628278.0,1641824509.341667
..\1HVEU1098 (686).JPG,1639628278.0,1641824509.3572905
..\1HVEU1098 (687).JPG,1639628278.0,1641824509.3572905
..\1HVEU1098 (688).JPG,1639711464.0,1641824509.3729088
..\1HVEU1098 (689).JPG,1639711466.0,1641824509.3729088
..\1HVEU1098 (69).JPG,1636135658.0,1641824503.5774028
..\1HVEU1098 (690).JPG,1639711466.0,1641824509.3885305
..\1HVEU1098 (691).JPG,1639711466.0,1641824509.3885305
..\1HVEU1098 (692).JPG,1639711466.0,1641824509.4041512
..\1HVEU1098 (693).JPG,1639761000.0,1641824509.419773
..\1HVEU1098 (694).JPG,1639761000.0,1641824509.419773
..\1HVEU1098 (695).JPG,1639761002.0,1641824509.4353943
..\1HVEU1098 (696).JPG,1639761002.0,1641824509.4353943
..\1HVEU1098 (697).JPG,1639761002.0,1641824509.451016
..\1HVEU1098 (698).JPG,1639761302.0,1641824509.466637
..\1HVEU1098 (699).JPG,1639761302.0,1641824509.5135002
..\1HVEU1098 (7).JPG,1635782752.0,1641824502.7653272
..\1HVEU1098 (70).JPG,1636135658.0,1641824503.5774028
..\1HVEU1098 (700).JPG,1639761302.0,1641824509.5447443
..\1HVEU1098 (701).JPG,1639761302.0,1641824509.575987
..\1HVEU1098 (702).JPG,1639761304.0,1641824509.6072285
..\1HVEU1098 (703).JPG,1639761502.0,1641824509.6540926
..\1HVEU1098 (704).JPG,1639761504.0,1641824509.6853354
..\1HVEU1098 (705).JPG,1639761504.0,1641824509.7165773
..\1HVEU1098 (706).JPG,1639761504.0,1641824509.732199
..\1HVEU1098 (707).JPG,1639761504.0,1641824509.7478204
..\1HVEU1098 (708).JPG,1639761754.0,1641824509.763442
..\1HVEU1098 (709).JPG,1639761754.0,1641824509.763442
..\1HVEU1098 (71).JPG,1636135844.0,1641824503.5930243
..\1HVEU1098 (710).JPG,1639761754.0,1641824509.779064
..\1HVEU1098 (711).JPG,1639761754.0,1641824509.7946844
..\1HVEU1098 (712).JPG,1639761754.0,1641824509.7946844
..\1HVEU1098 (713).JPG,1639762094.0,1641824509.8103068
..\1HVEU1098 (714).JPG,1639762094.0,1641824509.8259275
..\1HVEU1098 (715).JPG,1639762094.0,1641824509.8259275
..\1HVEU1098 (716).JPG,1639762096.0,1641824509.8415484
..\1HVEU1098 (717).JPG,1639762096.0,1641824509.8571706
..\1HVEU1098 (718).JPG,1639762322.0,1641824509.8571706
..\1HVEU1098 (719).JPG,1639762324.0,1641824509.8727903
..\1HVEU1098 (72).JPG,1636135844.0,1641824503.6086566
..\1HVEU1098 (720).JPG,1639762324.0,1641824509.8884122
..\1HVEU1098 (721).JPG,1639762324.0,1641824509.8884122
..\1HVEU1098 (722).JPG,1639762324.0,1641824509.904035
..\1HVEU1098 (723).JPG,1639762500.0,1641824509.904035
..\1HVEU1098 (724).JPG,1639762500.0,1641824509.9196546
..\1HVEU1098 (725).JPG,1639762502.0,1641824509.9352772
..\1HVEU1098 (726).JPG,1639762502.0,1641824509.9352772
..\1HVEU1098 (727).JPG,1639762502.0,1641824509.950898
..\1HVEU1098 (728).JPG,1639779398.0,1641824509.966519
..\1HVEU1098 (729).JPG,1639779398.0,1641824509.966519
..\1HVEU1098 (73).JPG,1636135844.0,1641824503.6086566
..\1HVEU1098 (730).JPG,1639779398.0,1641824509.98214
..\1HVEU1098 (731).JPG,1639779398.0,1641824509.9977617
..\1HVEU1098 (732).JPG,1639779400.0,1641824509.9977617
..\1HVEU1098 (733).JPG,1639779842.0,1641824510.0133832
..\1HVEU1098 (734).JPG,1639779842.0,1641824510.0290034
..\1HVEU1098 (735).JPG,1639779842.0,1641824510.0290034
..\1HVEU1098 (736).JPG,1639779844.0,1641824510.0446258
..\1HVEU1098 (737).JPG,1639779844.0,1641824510.0446258
..\1HVEU1098 (738).JPG,1639780156.0,1641824510.060247
..\1HVEU1098 (739).JPG,1639780156.0,1641824510.0758684
..\1HVEU1098 (74).JPG,1636135846.0,1641824503.624269
..\1HVEU1098 (740).JPG,1639780156.0,1641824510.0758684
..\1HVEU1098 (741).JPG,1639780156.0,1641824510.091491
..\1HVEU1098 (742).JPG,1639780156.0,1641824510.1071105
..\1HVEU1098 (743).JPG,1639780534.0,1641824510.1071105
..\1HVEU1098 (744).JPG,1639780536.0,1641824510.1227317
..\1HVEU1098 (745).JPG,1639780536.0,1641824510.1383553
..\1HVEU1098 (746).JPG,1639780536.0,1641824510.1383553
..\1HVEU1098 (747).JPG,1639780536.0,1641824510.1539748
..\1HVEU1098 (748).JPG,1639780980.0,1641824510.1539748
..\1HVEU1098 (749).JPG,1639780980.0,1641824510.1695957
..\1HVEU1098 (75).JPG,1636135846.0,1641824503.624269
..\1HVEU1098 (750).JPG,1639780980.0,1641824510.1695957
..\1HVEU1098 (751).JPG,1639780982.0,1641824510.1852171
..\1HVEU1098 (752).JPG,1639780982.0,1641824510.1852171
..\1HVEU1098 (753).JPG,1639781308.0,1641824510.200838
..\1HVEU1098 (754).JPG,1639781308.0,1641824510.200838
..\1HVEU1098 (755).JPG,1639781308.0,1641824510.216461
..\1HVEU1098 (756).JPG,1639781310.0,1641824510.232081
..\1HVEU1098 (757).JPG,1639781310.0,1641824510.232081
..\1HVEU1098 (758).JPG,1639883020.0,1641824510.247703
..\1HVEU1098 (759).JPG,1639883022.0,1641824510.2633243
..\1HVEU1098 (76).JPG,1636136068.0,1641824503.6398878
..\1HVEU1098 (760).JPG,1639883022.0,1641824510.2633243
..\1HVEU1098 (761).JPG,1639883022.0,1641824510.2945662
..\1HVEU1098 (762).JPG,1639883022.0,1641824510.2945662
..\1HVEU1098 (763).JPG,1639883340.0,1641824510.3101878
..\1HVEU1098 (764).JPG,1639883340.0,1641824510.3258095
..\1HVEU1098 (765).JPG,1639883340.0,1641824510.3258095
..\1HVEU1098 (766).JPG,1639883340.0,1641824510.341431
..\1HVEU1098 (767).JPG,1639883340.0,1641824510.3570518
..\1HVEU1098 (768).JPG,1639883690.0,1641824510.3570518
..\1HVEU1098 (769).JPG,1639883690.0,1641824510.372673
..\1HVEU1098 (77).JPG,1636136068.0,1641824503.6398878
..\1HVEU1098 (770).JPG,1639883690.0,1641824510.3882947
..\1HVEU1098 (771).JPG,1639883690.0,1641824510.3882947
..\1HVEU1098 (772).JPG,1639883692.0,1641824510.4039145
..\1HVEU1098 (773).JPG,1639896102.0,1641824510.4195375
..\1HVEU1098 (774).JPG,1639896102.0,1641824510.4195375
..\1HVEU1098 (775).JPG,1639896102.0,1641824510.435158
..\1HVEU1098 (776).JPG,1639896102.0,1641824510.435158
..\1HVEU1098 (777).JPG,1639896102.0,1641824510.4507792
..\1HVEU1098 (778).JPG,1639896392.0,1641824510.466402
..\1HVEU1098 (779).JPG,1639896392.0,1641824510.4820228
..\1HVEU1098 (78).JPG,1636136068.0,1641824503.6555095
..\1HVEU1098 (780).JPG,1639896392.0,1641824510.4820228
..\1HVEU1098 (781).JPG,1639896392.0,1641824510.4820228
..\1HVEU1098 (782).JPG,1639896392.0,1641824510.4976437
..\1HVEU1098 (783).JPG,1639896638.0,1641824510.4976437
..\1HVEU1098 (784).JPG,1639896638.0,1641824510.5132644
..\1HVEU1098 (785).JPG,1639896638.0,1641824510.5132644
..\1HVEU1098 (786).JPG,1639896638.0,1641824510.528886
..\1HVEU1098 (787).JPG,1639896640.0,1641824510.528886
..\1HVEU1098 (788).JPG,1639896906.0,1641824510.544507
..\1HVEU1098 (789).JPG,1639896906.0,1641824510.544507
..\1HVEU1098 (79).JPG,1636136068.0,1641824503.671132
..\1HVEU1098 (790).JPG,1639896908.0,1641824510.5601285
..\1HVEU1098 (791).JPG,1639896908.0,1641824510.5601285
..\1HVEU1098 (792).JPG,1639896908.0,1641824502.483912
..\1HVEU1098 (8).JPG,1635782752.0,1641824502.8119688
..\1HVEU1098 (80).JPG,1636136068.0,1641824503.671132
..\1HVEU1098 (81).JPG,1636136280.0,1641824503.6867516
..\1HVEU1098 (82).JPG,1636136282.0,1641824503.6867516
..\1HVEU1098 (83).JPG,1636136282.0,1641824503.702373
..\1HVEU1098 (84).JPG,1636136282.0,1641824503.702373
..\1HVEU1098 (85).JPG,1636136282.0,1641824503.717995
..\1HVEU1098 (86).JPG,1636136654.0,1641824503.717995
..\1HVEU1098 (87).JPG,1636136654.0,1641824503.7336175
..\1HVEU1098 (88).JPG,1636136656.0,1641824503.7492373
..\1HVEU1098 (89).JPG,1636136656.0,1641824503.7492373
..\1HVEU1098 (9).JPG,1635782752.0,1641824502.858822
..\1HVEU1098 (90).JPG,1636136656.0,1641824503.7648594
..\1HVEU1098 (91).JPG,1636136946.0,1641824503.7648594
..\1HVEU1098 (92).JPG,1636136946.0,1641824503.7804806
..\1HVEU1098 (93).JPG,1636136946.0,1641824503.7804806
..\1HVEU1098 (94).JPG,1636136948.0,1641824503.796101
..\1HVEU1098 (95).JPG,1636136948.0,1641824503.796101
..\1HVEU1098 (96).JPG,1636137248.0,1641824503.811723
..\1HVEU1098 (97).JPG,1636137248.0,1641824503.8273437
..\1HVEU1098 (98).JPG,1636137248.0,1641824503.8273437
..\1HVEU1098 (99).JPG,1636137248.0,1641824503.8429656
..\2HVEU2383 (1).JPG,1640053704.0,1641824579.6333094
..\2HVEU2383 (10).JPG,1640054028.0,1641824579.6958187
..\2HVEU2383 (100).JPG,1640415250.0,1641824580.4143746
..\2HVEU2383 (101).JPG,1640415526.0,1641824580.4143746
..\2HVEU2383 (102).JPG,1640415526.0,1641824580.4299958
..\2HVEU2383 (103).JPG,1640415526.0,1641824580.4299958
..\2HVEU2383 (104).JPG,1640415526.0,1641824580.4299958
..\2HVEU2383 (105).JPG,1640415526.0,1641824580.445617
..\2HVEU2383 (106).JPG,1640415710.0,1641824580.445617
..\2HVEU2383 (107).JPG,1640415710.0,1641824580.4612389
..\2HVEU2383 (108).JPG,1640415710.0,1641824580.4612389
..\2HVEU2383 (109).JPG,1640415710.0,1641824580.4612389
..\2HVEU2383 (11).JPG,1640054250.0,1641824579.6958187
..\2HVEU2383 (110).JPG,1640415710.0,1641824580.4768593
..\2HVEU2383 (111).JPG,1640415900.0,1641824580.4768593
..\2HVEU2383 (112).JPG,1640415900.0,1641824580.4924805
..\2HVEU2383 (113).JPG,1640415900.0,1641824580.4924805
..\2HVEU2383 (114).JPG,1640415900.0,1641824580.4924805
..\2HVEU2383 (115).JPG,1640415902.0,1641824580.5081017
..\2HVEU2383 (116).JPG,1640416174.0,1641824580.5081017
..\2HVEU2383 (117).JPG,1640416174.0,1641824580.5237243
..\2HVEU2383 (118).JPG,1640416174.0,1641824580.5237243
..\2HVEU2383 (119).JPG,1640416174.0,1641824580.5237243
..\2HVEU2383 (12).JPG,1640054252.0,1641824579.7115378
..\2HVEU2383 (120).JPG,1640416174.0,1641824580.539528
..\2HVEU2383 (121).JPG,1640416378.0,1641824580.539528
..\2HVEU2383 (122).JPG,1640416378.0,1641824580.554966
..\2HVEU2383 (123).JPG,1640416378.0,1641824580.554966
..\2HVEU2383 (124).JPG,1640416378.0,1641824580.554966
..\2HVEU2383 (125).JPG,1640416378.0,1641824580.5708072
..\2HVEU2383 (126).JPG,1640462944.0,1641824580.5708072
..\2HVEU2383 (127).JPG,1640462944.0,1641824580.586239
..\2HVEU2383 (128).JPG,1640462944.0,1641824580.586239
..\2HVEU2383 (129).JPG,1640462944.0,1641824580.6018295
..\2HVEU2383 (13).JPG,1640054252.0,1641824579.7115378
..\2HVEU2383 (130).JPG,1640462944.0,1641824580.6174536
..\2HVEU2383 (131).JPG,1640522436.0,1641824580.6174536
..\2HVEU2383 (132).JPG,1640522436.0,1641824580.6330743
..\2HVEU2383 (133).JPG,1640522436.0,1641824580.6330743
..\2HVEU2383 (134).JPG,1640522436.0,1641824580.6486943
..\2HVEU2383 (135).JPG,1640522746.0,1641824580.6486943
..\2HVEU2383 (136).JPG,1640522746.0,1641824580.6643162
..\2HVEU2383 (137).JPG,1640522746.0,1641824580.6643162
..\2HVEU2383 (138).JPG,1640522746.0,1641824580.6799366
..\2HVEU2383 (139).JPG,1640522746.0,1641824580.6799366
..\2HVEU2383 (14).JPG,1640054252.0,1641824579.7271929
..\2HVEU2383 (140).JPG,1640523034.0,1641824580.6955574
..\2HVEU2383 (141).JPG,1640523036.0,1641824580.6955574
..\2HVEU2383 (142).JPG,1640523036.0,1641824580.711182
..\2HVEU2383 (143).JPG,1640523036.0,1641824580.711182
..\2HVEU2383 (144).JPG,1640523036.0,1641824580.7268007
..\2HVEU2383 (145).JPG,1640523280.0,1641824580.7268007
..\2HVEU2383 (146).JPG,1640523280.0,1641824580.7424228
..\2HVEU2383 (147).JPG,1640523282.0,1641824580.7424228
..\2HVEU2383 (148).JPG,1640523282.0,1641824580.758044
..\2HVEU2383 (149).JPG,1640523282.0,1641824580.758044
..\2HVEU2383 (15).JPG,1640054252.0,1641824579.7271929
..\2HVEU2383 (150).JPG,1640523608.0,1641824580.7736645
..\2HVEU2383 (151).JPG,1640523610.0,1641824580.7736645
..\2HVEU2383 (152).JPG,1640523610.0,1641824580.7736645
..\2HVEU2383 (153).JPG,1640523610.0,1641824580.7892854
..\2HVEU2383 (154).JPG,1640523610.0,1641824580.7892854
..\2HVEU2383 (155).JPG,1640524804.0,1641824580.804907
..\2HVEU2383 (156).JPG,1640524804.0,1641824580.804907
..\2HVEU2383 (157).JPG,1640524804.0,1641824580.8205278
..\2HVEU2383 (158).JPG,1640524804.0,1641824580.8205278
..\2HVEU2383 (159).JPG,1640524804.0,1641824580.8361497
..\2HVEU2383 (16).JPG,1640054492.0,1641824579.7426598
..\2HVEU2383 (160).JPG,1640524982.0,1641824580.8361497
..\2HVEU2383 (161).JPG,1640524982.0,1641824580.8517723
..\2HVEU2383 (162).JPG,1640524982.0,1641824580.8517723
..\2HVEU2383 (163).JPG,1640524982.0,1641824580.8673947
..\2HVEU2383 (164).JPG,1640524982.0,1641824580.8673947
..\2HVEU2383 (165).JPG,1640525176.0,1641824580.8673947
..\2HVEU2383 (166).JPG,1640525178.0,1641824580.883014
..\2HVEU2383 (167).JPG,1640525178.0,1641824580.883014
..\2HVEU2383 (168).JPG,1640525178.0,1641824580.8986354
..\2HVEU2383 (169).JPG,1640525178.0,1641824580.8986354
..\2HVEU2383 (17).JPG,1640054492.0,1641824579.7426598
..\2HVEU2383 (170).JPG,1640525358.0,1641824580.9142556
..\2HVEU2383 (171).JPG,1640525358.0,1641824580.9142556
..\2HVEU2383 (172).JPG,1640525358.0,1641824580.9298775
..\2HVEU2383 (173).JPG,1640525358.0,1641824580.9298775
..\2HVEU2383 (174).JPG,1640525358.0,1641824580.9454992
..\2HVEU2383 (175).JPG,1640536950.0,1641824580.9454992
..\2HVEU2383 (176).JPG,1640536950.0,1641824580.96112
..\2HVEU2383 (177).JPG,1640536952.0,1641824580.96112
..\2HVEU2383 (178).JPG,1640536952.0,1641824580.976741
..\2HVEU2383 (179).JPG,1640536952.0,1641824580.976741
..\2HVEU2383 (18).JPG,1640054492.0,1641824579.7582788
..\2HVEU2383 (180).JPG,1640537240.0,1641824580.992372
..\2HVEU2383 (181).JPG,1640537240.0,1641824581.0079844
..\2HVEU2383 (182).JPG,1640537240.0,1641824581.0079844
..\2HVEU2383 (183).JPG,1640537240.0,1641824581.023605
..\2HVEU2383 (184).JPG,1640537242.0,1641824581.023605
..\2HVEU2383 (185).JPG,1640537430.0,1641824581.0392268
..\2HVEU2383 (186).JPG,1640537430.0,1641824581.0548482
..\2HVEU2383 (187).JPG,1640537430.0,1641824581.0548482
..\2HVEU2383 (188).JPG,1640537430.0,1641824581.0704699
..\2HVEU2383 (189).JPG,1640537430.0,1641824581.0704699
..\2HVEU2383 (19).JPG,1640054492.0,1641824579.7739036
..\2HVEU2383 (190).JPG,1640537704.0,1641824581.0860906
..\2HVEU2383 (191).JPG,1640537704.0,1641824581.101712
..\2HVEU2383 (192).JPG,1640537706.0,1641824581.101712
..\2HVEU2383 (193).JPG,1640537706.0,1641824581.1173356
..\2HVEU2383 (194).JPG,1640537706.0,1641824581.1173356
..\2HVEU2383 (195).JPG,1640537978.0,1641824581.1329541
..\2HVEU2383 (196).JPG,1640537980.0,1641824581.1485767
..\2HVEU2383 (197).JPG,1640537980.0,1641824581.1485767
..\2HVEU2383 (198).JPG,1640537980.0,1641824581.1641974
..\2HVEU2383 (199).JPG,1640537980.0,1641824581.1641974
..\2HVEU2383 (2).JPG,1640053704.0,1641824579.6333094
..\2HVEU2383 (20).JPG,1640054492.0,1641824579.7739036
..\2HVEU2383 (200).JPG,1640548564.0,1641824581.179819
..\2HVEU2383 (201).JPG,1640548564.0,1641824581.19544
..\2HVEU2383 (202).JPG,1640548564.0,1641824581.19544
..\2HVEU2383 (203).JPG,1640548564.0,1641824581.211061
..\2HVEU2383 (204).JPG,1640548564.0,1641824581.211061
..\2HVEU2383 (205).JPG,1640548766.0,1641824581.2266822
..\2HVEU2383 (206).JPG,1640548766.0,1641824581.2423038
..\2HVEU2383 (207).JPG,1640548766.0,1641824581.2423038
..\2HVEU2383 (208).JPG,1640548766.0,1641824581.2579274
..\2HVEU2383 (209).JPG,1640548768.0,1641824581.2579274
..\2HVEU2383 (21).JPG,1640215726.0,1641824579.7895212
..\2HVEU2383 (210).JPG,1640548944.0,1641824581.2735465
..\2HVEU2383 (211).JPG,1640548944.0,1641824581.2891684
..\2HVEU2383 (212).JPG,1640548946.0,1641824581.2891684
..\2HVEU2383 (213).JPG,1640548946.0,1641824581.304788
..\2HVEU2383 (214).JPG,1640548946.0,1641824581.304788
..\2HVEU2383 (215).JPG,1640549648.0,1641824581.3204105
..\2HVEU2383 (216).JPG,1640549648.0,1641824581.3360324
..\2HVEU2383 (217).JPG,1640549650.0,1641824581.3360324
..\2HVEU2383 (218).JPG,1640549650.0,1641824581.351653
..\2HVEU2383 (219).JPG,1640549650.0,1641824581.351653
..\2HVEU2383 (22).JPG,1640215726.0,1641824579.7895212
..\2HVEU2383 (220).JPG,1640549950.0,1641824581.3672745
..\2HVEU2383 (221).JPG,1640549950.0,1641824581.3672745
..\2HVEU2383 (222).JPG,1640549950.0,1641824581.3828964
..\2HVEU2383 (223).JPG,1640549950.0,1641824581.3985171
..\2HVEU2383 (224).JPG,1640549950.0,1641824581.3985171
..\2HVEU2383 (225).JPG,1640582042.0,1641824581.414147
..\2HVEU2383 (226).JPG,1640582042.0,1641824581.414147
..\2HVEU2383 (227).JPG,1640582042.0,1641824581.4297593
..\2HVEU2383 (228).JPG,1640582044.0,1641824581.4297593
..\2HVEU2383 (229).JPG,1640582044.0,1641824581.4453814
..\2HVEU2383 (23).JPG,1640215726.0,1641824579.805143
..\2HVEU2383 (230).JPG,1640582588.0,1641824581.4610026
..\2HVEU2383 (231).JPG,1640582588.0,1641824581.4610026
..\2HVEU2383 (232).JPG,1640582588.0,1641824581.4766233
..\2HVEU2383 (233).JPG,1640582590.0,1641824581.4766233
..\2HVEU2383 (234).JPG,1640582590.0,1641824581.4922452
..\2HVEU2383 (235).JPG,1640628520.0,1641824581.4922452
..\2HVEU2383 (236).JPG,1640628520.0,1641824581.5078661
..\2HVEU2383 (237).JPG,1640628520.0,1641824581.5234888
..\2HVEU2383 (238).JPG,1640628520.0,1641824581.5234888
..\2HVEU2383 (239).JPG,1640628522.0,1641824581.5391102
..\2HVEU2383 (24).JPG,1640215726.0,1641824579.805143
..\2HVEU2383 (240).JPG,1640632144.0,1641824581.5391102
..\2HVEU2383 (241).JPG,1640632144.0,1641824581.55473
..\2HVEU2383 (242).JPG,1640632144.0,1641824581.55473
..\2HVEU2383 (243).JPG,1640632144.0,1641824581.5703516
..\2HVEU2383 (244).JPG,1640632144.0,1641824581.5703516
..\2HVEU2383 (245).JPG,1640632488.0,1641824581.5859725
..\2HVEU2383 (246).JPG,1640632488.0,1641824581.6015933
..\2HVEU2383 (247).JPG,1640632488.0,1641824581.6015933
..\2HVEU2383 (248).JPG,1640632488.0,1641824581.6172152
..\2HVEU2383 (249).JPG,1640632490.0,1641824581.6172152
..\2HVEU2383 (25).JPG,1640215726.0,1641824579.8207638
..\2HVEU2383 (250).JPG,1640632708.0,1641824581.6328619
..\2HVEU2383 (251).JPG,1640632710.0,1641824581.6484582
..\2HVEU2383 (252).JPG,1640632710.0,1641824581.6484582
..\2HVEU2383 (253).JPG,1640632710.0,1641824581.6640801
..\2HVEU2383 (254).JPG,1640632710.0,1641824581.6640801
..\2HVEU2383 (255).JPG,1640632954.0,1641824581.6797001
..\2HVEU2383 (256).JPG,1640632954.0,1641824581.6797001
..\2HVEU2383 (257).JPG,1640632954.0,1641824581.6953213
..\2HVEU2383 (258).JPG,1640632954.0,1641824581.7109427
..\2HVEU2383 (259).JPG,1640632956.0,1641824581.7421856
..\2HVEU2383 (26).JPG,1640215900.0,1641824579.8207638
..\2HVEU2383 (260).JPG,1640633146.0,1641824581.773428
..\2HVEU2383 (261).JPG,1640633146.0,1641824581.8046713
..\2HVEU2383 (262).JPG,1640633146.0,1641824581.820292
..\2HVEU2383 (263).JPG,1640633146.0,1641824581.820292
..\2HVEU2383 (264).JPG,1640633146.0,1641824581.8359137
..\2HVEU2383 (265).JPG,1640633332.0,1641824581.8515344
..\2HVEU2383 (266).JPG,1640633332.0,1641824581.8515344
..\2HVEU2383 (267).JPG,1640633334.0,1641824581.867158
..\2HVEU2383 (268).JPG,1640633334.0,1641824581.867158
..\2HVEU2383 (269).JPG,1640633334.0,1641824581.8827775
..\2HVEU2383 (27).JPG,1640215900.0,1641824579.836385
..\2HVEU2383 (270).JPG,1640635298.0,1641824581.8827775
..\2HVEU2383 (271).JPG,1640635298.0,1641824581.898398
..\2HVEU2383 (272).JPG,1640635300.0,1641824581.898398
..\2HVEU2383 (273).JPG,1640635300.0,1641824581.914019
..\2HVEU2383 (274).JPG,1640635300.0,1641824581.9296415
..\2HVEU2383 (275).JPG,1640635700.0,1641824581.9296415
..\2HVEU2383 (276).JPG,1640635700.0,1641824581.9452627
..\2HVEU2383 (277).JPG,1640635700.0,1641824581.9452627
..\2HVEU2383 (278).JPG,1640635702.0,1641824581.960885
..\2HVEU2383 (279).JPG,1640635702.0,1641824581.960885
..\2HVEU2383 (28).JPG,1640215900.0,1641824579.836385
..\2HVEU2383 (280).JPG,1640635898.0,1641824581.976505
..\2HVEU2383 (281).JPG,1640635898.0,1641824581.976505
..\2HVEU2383 (282).JPG,1640635900.0,1641824581.9921262
..\2HVEU2383 (283).JPG,1640635900.0,1641824582.0077486
..\2HVEU2383 (284).JPG,1640635900.0,1641824582.0077486
..\2HVEU2383 (285).JPG,1640636120.0,1641824582.0233698
..\2HVEU2383 (286).JPG,1640636122.0,1641824582.0233698
..\2HVEU2383 (287).JPG,1640636122.0,1641824582.0389924
..\2HVEU2383 (288).JPG,1640636122.0,1641824582.054612
..\2HVEU2383 (289).JPG,1640636122.0,1641824582.054612
..\2HVEU2383 (29).JPG,1640215900.0,1641824579.852007
..\2HVEU2383 (290).JPG,1640802374.0,1641824582.070235
..\2HVEU2383 (291).JPG,1640802374.0,1641824582.070235
..\2HVEU2383 (292).JPG,1640802374.0,1641824582.0858545
..\2HVEU2383 (293).JPG,1640802374.0,1641824582.0858545
..\2HVEU2383 (294).JPG,1640802374.0,1641824582.1014755
..\2HVEU2383 (295).JPG,1640802548.0,1641824582.1014755
..\2HVEU2383 (296).JPG,1640802548.0,1641824582.1170974
..\2HVEU2383 (297).JPG,1640802548.0,1641824582.1170974
..\2HVEU2383 (298).JPG,1640802548.0,1641824582.1327224
..\2HVEU2383 (299).JPG,1640803402.0,1641824582.1483407
..\2HVEU2383 (3).JPG,1640053704.0,1641824579.6333094
..\2HVEU2383 (30).JPG,1640215900.0,1641824579.852007
..\2HVEU2383 (300).JPG,1640803402.0,1641824582.1483407
..\2HVEU2383 (301).JPG,1640803404.0,1641824582.163961
..\2HVEU2383 (302).JPG,1640803404.0,1641824582.163961
..\2HVEU2383 (303).JPG,1640862930.0,1641824582.1795835
..\2HVEU2383 (304).JPG,1640862930.0,1641824582.1952057
..\2HVEU2383 (305).JPG,1640862930.0,1641824582.1952057
..\2HVEU2383 (306).JPG,1640862930.0,1641824582.2108247
..\2HVEU2383 (307).JPG,1640862930.0,1641824582.2108247
..\2HVEU2383 (308).JPG,1640863172.0,1641824582.2264464
..\2HVEU2383 (309).JPG,1640863172.0,1641824582.2264464
..\2HVEU2383 (31).JPG,1640282802.0,1641824579.8676286
..\2HVEU2383 (310).JPG,1640863174.0,1641824582.2420678
..\2HVEU2383 (311).JPG,1640863174.0,1641824582.2420678
..\2HVEU2383 (312).JPG,1640863174.0,1641824582.2576895
..\2HVEU2383 (313).JPG,1640863444.0,1641824582.273311
..\2HVEU2383 (314).JPG,1640863444.0,1641824582.273311
..\2HVEU2383 (315).JPG,1640863444.0,1641824582.288932
..\2HVEU2383 (316).JPG,1640863444.0,1641824582.288932
..\2HVEU2383 (317).JPG,1640863444.0,1641824582.304553
..\2HVEU2383 (318).JPG,1640863926.0,1641824582.304553
..\2HVEU2383 (319).JPG,1640863926.0,1641824582.320175
..\2HVEU2383 (32).JPG,1640282802.0,1641824579.8676286
..\2HVEU2383 (320).JPG,1640863926.0,1641824582.320175
..\2HVEU2383 (321).JPG,1640863926.0,1641824582.3357964
..\2HVEU2383 (322).JPG,1640863926.0,1641824582.3357964
..\2HVEU2383 (323).JPG,1640879436.0,1641824582.3514183
..\2HVEU2383 (324).JPG,1640879436.0,1641824582.3514183
..\2HVEU2383 (325).JPG,1640879436.0,1641824582.3670392
..\2HVEU2383 (326).JPG,1640879436.0,1641824582.3826597
..\2HVEU2383 (327).JPG,1640879436.0,1641824582.3826597
..\2HVEU2383 (328).JPG,1640896912.0,1641824582.398281
..\2HVEU2383 (329).JPG,1640896914.0,1641824582.398281
..\2HVEU2383 (33).JPG,1640282802.0,1641824579.883249
..\2HVEU2383 (330).JPG,1640896914.0,1641824582.4139016
..\2HVEU2383 (331).JPG,1640896914.0,1641824582.4295232
..\2HVEU2383 (332).JPG,1640896914.0,1641824582.4295232
..\2HVEU2383 (333).JPG,1640897152.0,1641824582.4451444
..\2HVEU2383 (334).JPG,1640897152.0,1641824582.4451444
..\2HVEU2383 (335).JPG,1640897152.0,1641824582.460767
..\2HVEU2383 (336).JPG,1640897154.0,1641824582.4763875
..\2HVEU2383 (337).JPG,1640897154.0,1641824582.4763875
..\2HVEU2383 (338).JPG,1640897618.0,1641824582.4920082
..\2HVEU2383 (339).JPG,1640897618.0,1641824582.50763
..\2HVEU2383 (34).JPG,1640282802.0,1641824579.8988707
..\2HVEU2383 (340).JPG,1640897620.0,1641824582.50763
..\2HVEU2383 (341).JPG,1640897620.0,1641824582.5232508
..\2HVEU2383 (342).JPG,1640897620.0,1641824582.5388727
..\2HVEU2383 (343).JPG,1640897824.0,1641824582.5388727
..\2HVEU2383 (344).JPG,1640897824.0,1641824582.5544937
..\2HVEU2383 (345).JPG,1640897824.0,1641824582.5544937
..\2HVEU2383 (346).JPG,1640897824.0,1641824582.5701146
..\2HVEU2383 (347).JPG,1640897824.0,1641824582.585736
..\2HVEU2383 (348).JPG,1640899156.0,1641824582.585736
..\2HVEU2383 (349).JPG,1640899156.0,1641824582.6013572
..\2HVEU2383 (35).JPG,1640282802.0,1641824579.8988707
..\2HVEU2383 (350).JPG,1640899156.0,1641824582.6013572
..\2HVEU2383 (351).JPG,1640899156.0,1641824582.616979
..\2HVEU2383 (352).JPG,1640899158.0,1641824582.616979
..\2HVEU2383 (353).JPG,1640899438.0,1641824582.6326118
..\2HVEU2383 (354).JPG,1640899440.0,1641824582.6326118
..\2HVEU2383 (355).JPG,1640899440.0,1641824582.6482227
..\2HVEU2383 (356).JPG,1640899440.0,1641824582.6638436
..\2HVEU2383 (357).JPG,1640899440.0,1641824582.6638436
..\2HVEU2383 (358).JPG,1640899670.0,1641824582.6794643
..\2HVEU2383 (359).JPG,1640899670.0,1641824582.6794643
..\2HVEU2383 (36).JPG,1640283210.0,1641824579.9144921
..\2HVEU2383 (360).JPG,1640899672.0,1641824582.6950855
..\2HVEU2383 (361).JPG,1640899672.0,1641824582.6950855
..\2HVEU2383 (362).JPG,1640899672.0,1641824582.7107067
..\2HVEU2383 (363).JPG,1640899900.0,1641824582.7107067
..\2HVEU2383 (364).JPG,1640899900.0,1641824582.7263286
..\2HVEU2383 (365).JPG,1640899902.0,1641824582.7419503
..\2HVEU2383 (366).JPG,1640899902.0,1641824582.7419503
..\2HVEU2383 (367).JPG,1640899902.0,1641824582.7575712
..\2HVEU2383 (368).JPG,1640900128.0,1641824582.7575712
..\2HVEU2383 (369).JPG,1640900128.0,1641824582.7731915
..\2HVEU2383 (37).JPG,1640283210.0,1641824579.9144921
..\2HVEU2383 (370).JPG,1640900128.0,1641824582.7731915
..\2HVEU2383 (371).JPG,1640900128.0,1641824582.788813
..\2HVEU2383 (372).JPG,1640900128.0,1641824579.6176872
..\2HVEU2383 (38).JPG,1640283210.0,1641824579.930202
..\2HVEU2383 (39).JPG,1640283210.0,1641824579.930202
..\2HVEU2383 (4).JPG,1640053706.0,1641824579.6333094
..\2HVEU2383 (40).JPG,1640283210.0,1641824579.9457526
..\2HVEU2383 (41).JPG,1640283730.0,1641824579.9457526
..\2HVEU2383 (42).JPG,1640283730.0,1641824579.9615047
..\2HVEU2383 (43).JPG,1640283730.0,1641824579.9615047
..\2HVEU2383 (44).JPG,1640283730.0,1641824579.9771247
..\2HVEU2383 (45).JPG,1640283730.0,1641824579.9771247
..\2HVEU2383 (46).JPG,1640355756.0,1641824579.992751
..\2HVEU2383 (47).JPG,1640355756.0,1641824579.992751
..\2HVEU2383 (48).JPG,1640355756.0,1641824580.0083804
..\2HVEU2383 (49).JPG,1640355756.0,1641824580.0083804
..\2HVEU2383 (5).JPG,1640053706.0,1641824579.64893
..\2HVEU2383 (50).JPG,1640355758.0,1641824580.024073
..\2HVEU2383 (51).JPG,1640356110.0,1641824580.024073
..\2HVEU2383 (52).JPG,1640356110.0,1641824580.0394633
..\2HVEU2383 (53).JPG,1640356112.0,1641824580.0394633
..\2HVEU2383 (54).JPG,1640356112.0,1641824580.0550835
..\2HVEU2383 (55).JPG,1640356112.0,1641824580.0550835
..\2HVEU2383 (56).JPG,1640356334.0,1641824580.0550835
..\2HVEU2383 (57).JPG,1640356334.0,1641824580.0707765
..\2HVEU2383 (58).JPG,1640356334.0,1641824580.0707765
..\2HVEU2383 (59).JPG,1640356334.0,1641824580.0863283
..\2HVEU2383 (6).JPG,1640054028.0,1641824579.6645515
..\2HVEU2383 (60).JPG,1640356334.0,1641824580.0863283
..\2HVEU2383 (61).JPG,1640356628.0,1641824580.1019502
..\2HVEU2383 (62).JPG,1640356628.0,1641824580.1019502
..\2HVEU2383 (63).JPG,1640356628.0,1641824580.1175692
..\2HVEU2383 (64).JPG,1640356628.0,1641824580.1175692
..\2HVEU2383 (65).JPG,1640356628.0,1641824580.1175692
..\2HVEU2383 (66).JPG,1640356876.0,1641824580.13319
..\2HVEU2383 (67).JPG,1640356876.0,1641824580.13319
..\2HVEU2383 (68).JPG,1640356876.0,1641824580.148813
..\2HVEU2383 (69).JPG,1640356876.0,1641824580.148813
..\2HVEU2383 (7).JPG,1640054028.0,1641824579.6645515
..\2HVEU2383 (70).JPG,1640356878.0,1641824580.1644335
..\2HVEU2383 (71).JPG,1640357242.0,1641824580.1644335
..\2HVEU2383 (72).JPG,1640357242.0,1641824580.1644335
..\2HVEU2383 (73).JPG,1640357242.0,1641824580.1800866
..\2HVEU2383 (74).JPG,1640357244.0,1641824580.1800866
..\2HVEU2383 (75).JPG,1640357244.0,1641824580.1956763
..\2HVEU2383 (76).JPG,1640357416.0,1641824580.1956763
..\2HVEU2383 (77).JPG,1640357416.0,1641824580.2112975
..\2HVEU2383 (78).JPG,1640357418.0,1641824580.2112975
..\2HVEU2383 (79).JPG,1640357418.0,1641824580.2112975
..\2HVEU2383 (8).JPG,1640054028.0,1641824579.680175
..\2HVEU2383 (80).JPG,1640357418.0,1641824580.2270694
..\2HVEU2383 (81).JPG,1640358322.0,1641824580.2270694
..\2HVEU2383 (82).JPG,1640358322.0,1641824580.242768
..\2HVEU2383 (83).JPG,1640358322.0,1641824580.242768
..\2HVEU2383 (84).JPG,1640358322.0,1641824580.2581613
..\2HVEU2383 (85).JPG,1640358322.0,1641824580.2581613
..\2HVEU2383 (86).JPG,1640358600.0,1641824580.2737832
..\2HVEU2383 (87).JPG,1640358600.0,1641824580.2737832
..\2HVEU2383 (88).JPG,1640358600.0,1641824580.2737832
..\2HVEU2383 (89).JPG,1640358602.0,1641824580.289403
..\2HVEU2383 (9).JPG,1640054028.0,1641824579.680175
..\2HVEU2383 (90).JPG,1640358602.0,1641824580.289403
..\2HVEU2383 (91).JPG,1640415056.0,1641824580.3050265
..\2HVEU2383 (92).JPG,1640415058.0,1641824580.3206468
..\2HVEU2383 (93).JPG,1640415058.0,1641824580.3206468
..\2HVEU2383 (94).JPG,1640415058.0,1641824580.336268
..\2HVEU2383 (95).JPG,1640415058.0,1641824580.336268
..\2HVEU2383 (96).JPG,1640415250.0,1641824580.35189
..\2HVEU2383 (97).JPG,1640415250.0,1641824580.3831346
..\2HVEU2383 (98).JPG,1640415250.0,1641824580.398753
..\2HVEU2383 (99).JPG,1640415250.0,1641824580.398753
..\3HVEU3068 (1).JPG,1641051162.0,1641824599.7066922
..\3HVEU3068 (10).JPG,1641051380.0,1641824599.8004198
..\3HVEU3068 (11).JPG,1641051572.0,1641824599.8160405
..\3HVEU3068 (12).JPG,1641051572.0,1641824599.8160405
..\3HVEU3068 (13).JPG,1641051572.0,1641824599.831664
..\3HVEU3068 (14).JPG,1641051574.0,1641824599.8472862
..\3HVEU3068 (15).JPG,1641051574.0,1641824599.8472862
..\3HVEU3068 (16).JPG,1641051756.0,1641824599.8629055
..\3HVEU3068 (17).JPG,1641051756.0,1641824599.8629055
..\3HVEU3068 (18).JPG,1641051756.0,1641824599.878539
..\3HVEU3068 (19).JPG,1641051756.0,1641824599.878539
..\3HVEU3068 (2).JPG,1641051162.0,1641824599.737935
..\3HVEU3068 (20).JPG,1641051758.0,1641824599.894182
..\3HVEU3068 (21).JPG,1641055124.0,1641824599.894182
..\3HVEU3068 (22).JPG,1641055124.0,1641824599.9097717
..\3HVEU3068 (23).JPG,1641055124.0,1641824599.925392
..\3HVEU3068 (24).JPG,1641055126.0,1641824599.925392
..\3HVEU3068 (25).JPG,1641055126.0,1641824599.9410803
..\3HVEU3068 (26).JPG,1641079698.0,1641824599.9410803
..\3HVEU3068 (27).JPG,1641079698.0,1641824599.9566581
..\3HVEU3068 (28).JPG,1641079700.0,1641824599.9566581
..\3HVEU3068 (29).JPG,1641079700.0,1641824599.9722545
..\3HVEU3068 (3).JPG,1641051162.0,1641824599.737935
..\3HVEU3068 (30).JPG,1641079700.0,1641824599.9722545
..\3HVEU3068 (31).JPG,1641079902.0,1641824599.9878757
..\3HVEU3068 (32).JPG,1641079902.0,1641824599.9878757
..\3HVEU3068 (33).JPG,1641079902.0,1641824600.003497
..\3HVEU3068 (34).JPG,1641079902.0,1641824600.003497
..\3HVEU3068 (35).JPG,1641079902.0,1641824600.0191178
..\3HVEU3068 (36).JPG,1641241012.0,1641824600.0191178
..\3HVEU3068 (37).JPG,1641241014.0,1641824600.0347447
..\3HVEU3068 (38).JPG,1641241014.0,1641824600.0347447
..\3HVEU3068 (39).JPG,1641241014.0,1641824600.0503607
..\3HVEU3068 (4).JPG,1641051162.0,1641824599.753556
..\3HVEU3068 (40).JPG,1641241014.0,1641824600.0503607
..\3HVEU3068 (41).JPG,1641241192.0,1641824600.065982
..\3HVEU3068 (42).JPG,1641241194.0,1641824600.065982
..\3HVEU3068 (43).JPG,1641241194.0,1641824600.0816834
..\3HVEU3068 (44).JPG,1641241194.0,1641824600.0816834
..\3HVEU3068 (45).JPG,1641241194.0,1641824599.659829
..\3HVEU3068 (5).JPG,1641051164.0,1641824599.753556
..\3HVEU3068 (6).JPG,1641051380.0,1641824599.7691767
..\3HVEU3068 (7).JPG,1641051380.0,1641824599.7848015
..\3HVEU3068 (8).JPG,1641051380.0,1641824599.7848015
..\3HVEU3068 (9).JPG,1641051380.0,1641824599.8004198
..\HVEU0003.JPG,1632957286.0,1641824463.7586837
..\HVEU0004.JPG,1632957286.0,1641824463.7586837
..\HVEU0005.JPG,1632957286.0,1641824463.7743053
..\HVEU0006.JPG,1632957288.0,1641824463.7899601
..\HVEU0007.JPG,1632957288.0,1641824463.7899601
..\HVEU0018.JPG,1633116780.0,1641824463.8055472
..\HVEU0019.JPG,1633116780.0,1641824463.8211708
..\HVEU0020.JPG,1633116780.0,1641824463.8211708
..\HVEU0021.JPG,1633116782.0,1641824463.8367906
..\HVEU0022.JPG,1633116782.0,1641824463.8524117
..\HVEU0043.JPG,1633234614.0,1641824463.8524117
..\HVEU0044.JPG,1633234614.0,1641824463.868034
..\HVEU0045.JPG,1633234614.0,1641824463.868034
..\HVEU0046.JPG,1633234614.0,1641824463.8836555
..\HVEU0047.JPG,1633234614.0,1641824463.8992763
..\HVEU0108.JPG,1633588776.0,1641824463.8992763
..\HVEU0109.JPG,1633588776.0,1641824463.9148989
..\HVEU0110.JPG,1633588778.0,1641824463.930526
..\HVEU0111.JPG,1633588778.0,1641824463.930526
..\HVEU0112.JPG,1633588778.0,1641824463.94614
..\HVEU0118.JPG,1633745198.0,1641824463.94614
..\HVEU0119.JPG,1633745200.0,1641824463.961775
..\HVEU0120.JPG,1633745200.0,1641824463.9773815
..\HVEU0121.JPG,1633745200.0,1641824463.9773815
..\HVEU0122.JPG,1633745200.0,1641824463.993004
..\HVEU0123.JPG,1633745390.0,1641824464.0086248
..\HVEU0124.JPG,1633745390.0,1641824464.0086248
..\HVEU0125.JPG,1633745392.0,1641824464.0244007
..\HVEU0126.JPG,1633745392.0,1641824464.0398672
..\HVEU0127.JPG,1633745392.0,1641824464.0398672
..\HVEU0208.JPG,1634017764.0,1641824464.055514
..\HVEU0209.JPG,1634017764.0,1641824464.055514
..\HVEU0210.JPG,1634017764.0,1641824464.071111
..\HVEU0211.JPG,1634017766.0,1641824464.086732
..\HVEU0212.JPG,1634017766.0,1641824464.086732
..\HVEU0213.JPG,1634142582.0,1641824464.1023529
..\HVEU0214.JPG,1634142584.0,1641824464.1180017
..\HVEU0215.JPG,1634142584.0,1641824464.1180017
..\HVEU0216.JPG,1634142584.0,1641824464.133597
..\HVEU0217.JPG,1634142584.0,1641824464.133597
..\HVEU0218.JPG,1634142770.0,1641824464.1492162
..\HVEU0219.JPG,1634142770.0,1641824464.16484
..\HVEU0220.JPG,1634142770.0,1641824464.16484
..\HVEU0221.JPG,1634142770.0,1641824464.1804588
..\HVEU0222.JPG,1634142770.0,1641824464.1961026
..\HVEU0223.JPG,1634142996.0,1641824464.1961026
..\HVEU0224.JPG,1634142996.0,1641824464.2117207
..\HVEU0225.JPG,1634142996.0,1641824464.2117207
..\HVEU0226.JPG,1634142996.0,1641824464.2273235
..\HVEU0227.JPG,1634142996.0,1641824464.242944
..\HVEU0228.JPG,1634143382.0,1641824464.242944
..\HVEU0229.JPG,1634143382.0,1641824464.2585764
..\HVEU0230.JPG,1634143384.0,1641824464.2585764
..\HVEU0231.JPG,1634143384.0,1641824464.2741876
..\HVEU0232.JPG,1634143384.0,1641824464.2898095
..\HVEU0238.JPG,1634214966.0,1641824464.2898095
..\HVEU0239.JPG,1634214968.0,1641824464.3054304
..\HVEU0240.JPG,1634214968.0,1641824464.3210514
..\HVEU0241.JPG,1634214968.0,1641824464.3210514
..\HVEU0242.JPG,1634214968.0,1641824464.336673
..\HVEU0243.JPG,1634215188.0,1641824464.3522947
..\HVEU0244.JPG,1634215190.0,1641824464.3522947
..\HVEU0245.JPG,1634215190.0,1641824464.3679156
..\HVEU0246.JPG,1634215190.0,1641824464.3679156
..\HVEU0247.JPG,1634215190.0,1641824464.3835392
..\HVEU0248.JPG,1634215562.0,1641824464.399183
..\HVEU0249.JPG,1634215564.0,1641824464.399183
..\HVEU0250.JPG,1634215564.0,1641824464.4147868
..\HVEU0251.JPG,1634215564.0,1641824464.4304006
..\HVEU0252.JPG,1634215564.0,1641824464.4304006
..\HVEU0253.JPG,1634215774.0,1641824464.446022
..\HVEU0254.JPG,1634215774.0,1641824464.4616432
..\HVEU0255.JPG,1634215774.0,1641824464.4772644
..\HVEU0256.JPG,1634215774.0,1641824464.4928856
..\HVEU0257.JPG,1634215774.0,1641824464.5241282
..\HVEU0258.JPG,1634216172.0,1641824464.586648
..\HVEU0259.JPG,1634216172.0,1641824464.586648
..\HVEU0260.JPG,1634216174.0,1641824464.6022348
..\HVEU0261.JPG,1634216174.0,1641824464.617856
..\HVEU0262.JPG,1634216174.0,1641824464.617856
..\HVEU0263.JPG,1634216354.0,1641824464.6335008
..\HVEU0264.JPG,1634216354.0,1641824464.6490989
..\HVEU0265.JPG,1634216354.0,1641824464.6490989
..\HVEU0266.JPG,1634216354.0,1641824464.6647973
..\HVEU0267.JPG,1634216354.0,1641824464.6647973
..\HVEU0268.JPG,1634224376.0,1641824464.6804924
..\HVEU0269.JPG,1634224378.0,1641824464.6960692
..\HVEU0270.JPG,1634224378.0,1641824464.6960692
..\HVEU0271.JPG,1634224378.0,1641824464.7115831
..\HVEU0272.JPG,1634224378.0,1641824464.727343
..\HVEU0273.JPG,1634224580.0,1641824464.727343
..\HVEU0274.JPG,1634224582.0,1641824464.7428923
..\HVEU0275.JPG,1634224582.0,1641824464.7584481
..\HVEU0276.JPG,1634224582.0,1641824464.7584481
..\HVEU0277.JPG,1634224582.0,1641824464.774168
..\HVEU0278.JPG,1634224760.0,1641824464.78969
..\HVEU0279.JPG,1634224760.0,1641824464.78969
..\HVEU0280.JPG,1634224760.0,1641824464.805312
..\HVEU0281.JPG,1634224760.0,1641824464.8209324
..\HVEU0282.JPG,1634224760.0,1641824464.8209324
..\HVEU0283.JPG,1634227048.0,1641824464.836554
..\HVEU0284.JPG,1634227048.0,1641824464.852177
..\HVEU0285.JPG,1634227048.0,1641824464.852177
..\HVEU0286.JPG,1634227048.0,1641824464.8677983
..\HVEU0287.JPG,1634227050.0,1641824464.8834188
..\HVEU0293.JPG,1634569338.0,1641824464.8990412
..\HVEU0294.JPG,1634569338.0,1641824464.8990412
..\HVEU0295.JPG,1634569338.0,1641824464.9146614
..\HVEU0296.JPG,1634569338.0,1641824464.9302826
..\HVEU0297.JPG,1634569340.0,1641824464.9302826
..\HVEU0298.JPG,1634569586.0,1641824464.9459033
..\HVEU0299.JPG,1634569588.0,1641824464.9459033
..\HVEU0300.JPG,1634569588.0,1641824464.9615262
..\HVEU0301.JPG,1634569588.0,1641824464.9771464
..\HVEU0302.JPG,1634569588.0,1641824464.9771464
..\HVEU0303.JPG,1634569808.0,1641824464.9927676
..\HVEU0304.JPG,1634569808.0,1641824465.0083892
..\HVEU0305.JPG,1634569808.0,1641824465.0083892
..\HVEU0306.JPG,1634569808.0,1641824465.024011
..\HVEU0307.JPG,1634569808.0,1641824465.0396316
..\HVEU0308.JPG,1634573110.0,1641824465.0396316
..\HVEU0309.JPG,1634573110.0,1641824465.055256
..\HVEU0310.JPG,1634573110.0,1641824465.055256
..\HVEU0311.JPG,1634573110.0,1641824465.070881
..\HVEU0312.JPG,1634573112.0,1641824465.0864959
..\HVEU0313.JPG,1634573358.0,1641824465.0864959
..\HVEU0314.JPG,1634573358.0,1641824465.102118
..\HVEU0315.JPG,1634573358.0,1641824465.1177394
..\HVEU0316.JPG,1634573358.0,1641824465.1177394
..\HVEU0317.JPG,1634573360.0,1641824465.1333594
..\HVEU0318.JPG,1634573680.0,1641824465.1333594
..\HVEU0319.JPG,1634573682.0,1641824465.1489801
..\HVEU0320.JPG,1634573682.0,1641824465.1646023
..\HVEU0321.JPG,1634573682.0,1641824465.1646023
..\HVEU0322.JPG,1634573682.0,1641824465.1802237
..\HVEU0328.JPG,1634691558.0,1641824465.1802237
..\HVEU0329.JPG,1634691558.0,1641824465.1958468
..\HVEU0330.JPG,1634691558.0,1641824465.2114666
..\HVEU0331.JPG,1634691558.0,1641824465.2114666
..\HVEU0332.JPG,1634691558.0,1641824465.227088
..\HVEU0333.JPG,1634691900.0,1641824465.227088
..\HVEU0334.JPG,1634691900.0,1641824465.242709
..\HVEU0335.JPG,1634691900.0,1641824465.2583299
..\HVEU0336.JPG,1634691900.0,1641824465.2583299
..\HVEU0337.JPG,1634691900.0,1641824465.2739513
..\HVEU0338.JPG,1634692134.0,1641824465.2739513
..\HVEU0339.JPG,1634692134.0,1641824465.289572
..\HVEU0340.JPG,1634692134.0,1641824465.3051937
..\HVEU0341.JPG,1634692134.0,1641824465.3051937
..\HVEU0342.JPG,1634692134.0,1641824465.320815
..\HVEU0343.JPG,1634694604.0,1641824465.320815
..\HVEU0344.JPG,1634694606.0,1641824465.336436
..\HVEU0345.JPG,1634694606.0,1641824465.336436
..\HVEU0346.JPG,1634694606.0,1641824465.3520575
..\HVEU0347.JPG,1634694606.0,1641824465.3676805
..\HVEU0348.JPG,1634694902.0,1641824465.3676805
..\HVEU0349.JPG,1634694902.0,1641824465.3833008
..\HVEU0350.JPG,1634694904.0,1641824465.3833008
..\HVEU0351.JPG,1634694904.0,1641824465.3989222
..\HVEU0352.JPG,1634694904.0,1641824465.3989222
..\HVEU0353.JPG,1634699024.0,1641824465.4145427
..\HVEU0354.JPG,1634699024.0,1641824465.4301665
..\HVEU0355.JPG,1634699024.0,1641824465.4301665
..\HVEU0356.JPG,1634699024.0,1641824465.4457855
..\HVEU0357.JPG,1634699026.0,1641824465.4457855
..\HVEU0358.JPG,1634699450.0,1641824465.4614062
..\HVEU0359.JPG,1634699450.0,1641824465.4770286
..\HVEU0360.JPG,1634699450.0,1641824465.4770286
..\HVEU0361.JPG,1634699450.0,1641824465.4926507
..\HVEU0362.JPG,1634699452.0,1641824465.4926507
..\HVEU0363.JPG,1634699648.0,1641824465.5082707
..\HVEU0364.JPG,1634699648.0,1641824465.5082707
..\HVEU0365.JPG,1634699648.0,1641824465.523894
..\HVEU0366.JPG,1634699648.0,1641824465.5395136
..\HVEU0367.JPG,1634699648.0,1641824465.5395136
..\HVEU0373.JPG,1634918564.0,1641824465.5551345
..\HVEU0374.JPG,1634918566.0,1641824465.5551345
..\HVEU0375.JPG,1634918566.0,1641824465.5707572
..\HVEU0376.JPG,1634918566.0,1641824465.5863767
..\HVEU0377.JPG,1634918566.0,1641824465.5863767
..\HVEU0378.JPG,1634918772.0,1641824465.602001
..\HVEU0379.JPG,1634918772.0,1641824465.6176205
..\HVEU0380.JPG,1634918772.0,1641824465.6176205
..\HVEU0381.JPG,1634918772.0,1641824465.633242
..\HVEU0382.JPG,1634918772.0,1641824465.6488621
..\HVEU0383.JPG,1634918948.0,1641824465.6488621
..\HVEU0384.JPG,1634918950.0,1641824465.6644845
..\HVEU0385.JPG,1634918950.0,1641824465.6801052
..\HVEU0386.JPG,1634918950.0,1641824465.6801052
..\HVEU0387.JPG,1634918950.0,1641824465.6957266
..\HVEU0388.JPG,1634919190.0,1641824465.711348
..\HVEU0389.JPG,1634919190.0,1641824465.711348
..\HVEU0390.JPG,1634919192.0,1641824465.7269697
..\HVEU0391.JPG,1634919192.0,1641824465.7425916
..\HVEU0392.JPG,1634919192.0,1641824465.7425916
..\HVEU0393.JPG,1634928350.0,1641824465.7582145
..\HVEU0394.JPG,1634928350.0,1641824465.7738328
..\HVEU0395.JPG,1634928350.0,1641824465.7738328
..\HVEU0396.JPG,1634928350.0,1641824465.789455
..\HVEU0397.JPG,1634928352.0,1641824465.805079
..\HVEU0398.JPG,1634928784.0,1641824465.805079
..\HVEU0399.JPG,1634928784.0,1641824465.8206975
..\HVEU0400.JPG,1634928784.0,1641824465.8206975
..\HVEU0401.JPG,1634928786.0,1641824465.8363187
..\HVEU0402.JPG,1634928786.0,1641824465.8519397
..\HVEU0458.JPG,1635002764.0,1641824465.8831818
..\HVEU0459.JPG,1635002764.0,1641824465.914425
..\HVEU0460.JPG,1635002764.0,1641824465.9456675
..\HVEU0461.JPG,1635002766.0,1641824465.97691
..\HVEU0462.JPG,1635002766.0,1641824465.9925323
..\HVEU0463.JPG,1635003036.0,1641824466.0081542
..\HVEU0464.JPG,1635003036.0,1641824466.0081542
..\HVEU0465.JPG,1635003038.0,1641824466.0237744
..\HVEU0466.JPG,1635003038.0,1641824466.039396
..\HVEU0467.JPG,1635003038.0,1641824466.039396
..\HVEU0468.JPG,1635003226.0,1641824466.0550172
..\HVEU0469.JPG,1635003226.0,1641824466.0550172
..\HVEU0470.JPG,1635003226.0,1641824466.070638
..\HVEU0471.JPG,1635003228.0,1641824466.086259
..\HVEU0472.JPG,1635003228.0,1641824466.086259
..\HVEU0473.JPG,1635004154.0,1641824466.101881
..\HVEU0474.JPG,1635004154.0,1641824466.101881
..\HVEU0475.JPG,1635004154.0,1641824466.1175017
..\HVEU0476.JPG,1635004156.0,1641824466.1331224
..\HVEU0477.JPG,1635004156.0,1641824466.1331224
..\HVEU0478.JPG,1635004334.0,1641824466.1487436
..\HVEU0479.JPG,1635004334.0,1641824466.1487436
..\HVEU0480.JPG,1635004334.0,1641824466.1643662
..\HVEU0481.JPG,1635004334.0,1641824466.1799886
..\HVEU0482.JPG,1635004334.0,1641824466.1799886
..\HVEU0483.JPG,1635004574.0,1641824466.195608
..\HVEU0484.JPG,1635004574.0,1641824466.195608
..\HVEU0485.JPG,1635004574.0,1641824466.2112298
..\HVEU0486.JPG,1635004576.0,1641824466.2268515
..\HVEU0487.JPG,1635004576.0,1641824466.2268515
..\HVEU0488.JPG,1635005260.0,1641824466.2424731
..\HVEU0489.JPG,1635005262.0,1641824466.2580938
..\HVEU0490.JPG,1635005262.0,1641824466.2580938
..\HVEU0491.JPG,1635005262.0,1641824466.2737148
..\HVEU0492.JPG,1635005262.0,1641824466.2737148
..\HVEU0493.JPG,1635005448.0,1641824466.2893362
..\HVEU0494.JPG,1635005448.0,1641824466.3049583
..\HVEU0495.JPG,1635005448.0,1641824466.3049583
..\HVEU0496.JPG,1635005450.0,1641824466.320578
..\HVEU0497.JPG,1635005450.0,1641824466.3362005
..\HVEU0498.JPG,1635007000.0,1641824466.3362005
..\HVEU0499.JPG,1635007000.0,1641824466.3518212
..\HVEU0500.JPG,1635007000.0,1641824466.3518212
..\HVEU0501.JPG,1635007000.0,1641824466.367443
..\HVEU0502.JPG,1635007002.0,1641824466.3830645
..\HVEU0503.JPG,1635007208.0,1641824466.3830645
..\HVEU0504.JPG,1635007208.0,1641824466.3986852
..\HVEU0505.JPG,1635007208.0,1641824466.3986852
..\HVEU0506.JPG,1635007208.0,1641824466.414307
..\HVEU0507.JPG,1635007208.0,1641824466.4299283
..\HVEU0508.JPG,1635007392.0,1641824466.4299283
..\HVEU0509.JPG,1635007392.0,1641824466.4455495
..\HVEU0510.JPG,1635007392.0,1641824466.461171
..\HVEU0511.JPG,1635007392.0,1641824466.461171
..\HVEU0512.JPG,1635007394.0,1641824466.4767919
..\HVEU0513.JPG,1635007600.0,1641824466.4767919
..\HVEU0514.JPG,1635007602.0,1641824466.4924133
..\HVEU0515.JPG,1635007602.0,1641824466.5080352
..\HVEU0516.JPG,1635007602.0,1641824466.5080352
..\HVEU0517.JPG,1635007602.0,1641824466.5236578
..\HVEU0518.JPG,1635007882.0,1641824466.5392778
..\HVEU0519.JPG,1635007882.0,1641824466.5392778
..\HVEU0520.JPG,1635007882.0,1641824466.5548985
..\HVEU0521.JPG,1635007882.0,1641824466.5548985
..\HVEU0522.JPG,1635007884.0,1641824466.570519
..\HVEU0523.JPG,1635008126.0,1641824466.570519
..\HVEU0524.JPG,1635008128.0,1641824466.5861416
..\HVEU0525.JPG,1635008128.0,1641824466.601765
..\HVEU0526.JPG,1635008128.0,1641824466.601765
..\HVEU0527.JPG,1635008128.0,1641824466.6173842
..\HVEU0528.JPG,1635008728.0,1641824466.6173842
..\HVEU0529.JPG,1635008730.0,1641824466.6330066
..\HVEU0530.JPG,1635008730.0,1641824466.6330066
..\HVEU0531.JPG,1635008730.0,1641824466.6486263
..\HVEU0532.JPG,1635008730.0,1641824466.6642487
..\HVEU0533.JPG,1635008914.0,1641824466.6642487
..\HVEU0534.JPG,1635008914.0,1641824466.6798687
..\HVEU0535.JPG,1635008914.0,1641824466.6798687
..\HVEU0536.JPG,1635008914.0,1641824466.6954904
..\HVEU0537.JPG,1635008914.0,1641824466.7111127
..\HVEU0538.JPG,1635081718.0,1641824466.7111127
..\HVEU0539.JPG,1635081720.0,1641824466.7267332
..\HVEU0540.JPG,1635081720.0,1641824466.7423558
..\HVEU0541.JPG,1635081720.0,1641824466.7423558
..\HVEU0542.JPG,1635081720.0,1641824466.757976
..\HVEU0543.JPG,1635088832.0,1641824466.7735984
..\HVEU0544.JPG,1635088832.0,1641824466.7735984
..\HVEU0545.JPG,1635088834.0,1641824466.7892184
..\HVEU0546.JPG,1635088834.0,1641824466.804839
..\HVEU0547.JPG,1635088834.0,1641824466.804839
..\HVEU0558.JPG,1635168692.0,1641824466.8204608
..\HVEU0559.JPG,1635168692.0,1641824466.8204608
..\HVEU0560.JPG,1635168694.0,1641824466.8360817
..\HVEU0561.JPG,1635168694.0,1641824466.8517034
..\HVEU0562.JPG,1635168694.0,1641824466.867325
..\HVEU0563.JPG,1635168968.0,1641824466.867325
..\HVEU0564.JPG,1635168970.0,1641824466.8829463
..\HVEU0565.JPG,1635168970.0,1641824466.8985672
..\HVEU0566.JPG,1635168970.0,1641824466.9141896
..\HVEU0567.JPG,1635168970.0,1641824466.9141896
..\HVEU0568.JPG,1635172920.0,1641824466.9298098
..\HVEU0569.JPG,1635172920.0,1641824466.945441
..\HVEU0570.JPG,1635172920.0,1641824466.9610524
..\HVEU0571.JPG,1635172922.0,1641824466.9610524
..\HVEU0572.JPG,1635172922.0,1641824466.9766738
..\HVEU0573.JPG,1635173866.0,1641824466.9922965
..\HVEU0574.JPG,1635173866.0,1641824466.9922965
..\HVEU0575.JPG,1635173868.0,1641824467.0079162
..\HVEU0576.JPG,1635173868.0,1641824467.023538
..\HVEU0577.JPG,1635173868.0,1641824467.0391598
..\HVEU0578.JPG,1635174426.0,1641824467.0391598
..\HVEU0579.JPG,1635174426.0,1641824467.054781
..\HVEU0580.JPG,1635174426.0,1641824467.070402
..\HVEU0581.JPG,1635174426.0,1641824467.070402
..\HVEU0582.JPG,1635174428.0,1641824467.0860226
..\HVEU0583.JPG,1635175142.0,1641824467.1016445
..\HVEU0584.JPG,1635175144.0,1641824467.117266
..\HVEU0585.JPG,1635175144.0,1641824467.117266
..\HVEU0586.JPG,1635175144.0,1641824467.132887
..\HVEU0587.JPG,1635175144.0,1641824467.148509
..\HVEU0588.JPG,1635175470.0,1641824467.148509
..\HVEU0589.JPG,1635175470.0,1641824467.1641297
..\HVEU0590.JPG,1635175472.0,1641824467.1797507
..\HVEU0591.JPG,1635175472.0,1641824467.1953726
..\HVEU0592.JPG,1635175472.0,1641824467.226615
..\HVEU0593.JPG,1635219930.0,1641824467.257858
..\HVEU0594.JPG,1635219930.0,1641824467.2734787
..\HVEU0595.JPG,1635219932.0,1641824467.320343
..\HVEU0596.JPG,1635219932.0,1641824467.3515854
..\HVEU0597.JPG,1635219932.0,1641824467.3672159
..\HVEU0598.JPG,1635220104.0,1641824467.3984487
..\HVEU0599.JPG,1635220106.0,1641824467.4296935
..\HVEU0600.JPG,1635220106.0,1641824467.4296935
..\HVEU0601.JPG,1635220106.0,1641824467.445313
..\HVEU0602.JPG,1635220106.0,1641824467.4609344
..\HVEU0628.JPG,1635355506.0,1641824467.4609344
..\HVEU0629.JPG,1635355508.0,1641824467.4765584
..\HVEU0630.JPG,1635355508.0,1641824467.4765584
..\HVEU0631.JPG,1635355508.0,1641824467.4921775
..\HVEU0632.JPG,1635355508.0,1641824467.4921775
..\HVEU0633.JPG,1635355806.0,1641824467.507798
..\HVEU0634.JPG,1635355806.0,1641824467.5234199
..\HVEU0635.JPG,1635355806.0,1641824467.5234199
..\HVEU0636.JPG,1635355808.0,1641824467.5390408
..\HVEU0637.JPG,1635355808.0,1641824467.5390408
..\HVEU0753.JPG,1635491720.0,1641824467.5546618
..\HVEU0754.JPG,1635491720.0,1641824467.5546618
..\HVEU0755.JPG,1635491722.0,1641824467.5702837
..\HVEU0756.JPG,1635491722.0,1641824467.5859058
..\HVEU0757.JPG,1635491722.0,1641824467.5859058
..\HVEU0758.JPG,1635491910.0,1641824467.6015286
..\HVEU0759.JPG,1635491910.0,1641824467.6015286
..\HVEU0760.JPG,1635491910.0,1641824467.617148
..\HVEU0761.JPG,1635491910.0,1641824467.6327698
..\HVEU0762.JPG,1635491910.0,1641824467.6327698
..\HVEU0763.JPG,1635492092.0,1641824467.6483908
..\HVEU0764.JPG,1635492092.0,1641824467.6483908
..\HVEU0765.JPG,1635492092.0,1641824467.6640146
..\HVEU0766.JPG,1635492092.0,1641824467.6640146
..\HVEU0767.JPG,1635492092.0,1641824467.679633
