..\1HVEU0120 (1).JPG,1601541990.0,1641823454.5183465
..\1HVEU0120 (10).JPG,1598556564.0,1641823454.5964546
..\1HVEU0120 (100).JPG,1601369992.0,1641823455.3306558
..\1HVEU0120 (101).JPG,1601529404.0,1641823455.3462763
..\1HVEU0120 (102).JPG,1601529404.0,1641823455.3462763
..\1HVEU0120 (103).JPG,1601529404.0,1641823455.3619123
..\1HVEU0120 (104).JPG,1601529406.0,1641823455.3619123
..\1HVEU0120 (105).JPG,1601529406.0,1641823455.377519
..\1HVEU0120 (106).JPG,1601529524.0,1641823455.377519
..\1HVEU0120 (107).JPG,1601529524.0,1641823455.3931413
..\1HVEU0120 (108).JPG,1601529524.0,1641823455.3931413
..\1HVEU0120 (109).JPG,1601529524.0,1641823455.4087622
..\1HVEU0120 (11).JPG,1599005130.0,1641823454.612076
..\1HVEU0120 (110).JPG,1601529526.0,1641823455.4087622
..\1HVEU0120 (111).JPG,1601537392.0,1641823455.4243832
..\1HVEU0120 (112).JPG,1601537394.0,1641823455.4243832
..\1HVEU0120 (113).JPG,1601537394.0,1641823455.4243832
..\1HVEU0120 (114).JPG,1601537394.0,1641823455.4400132
..\1HVEU0120 (115).JPG,1601537394.0,1641823455.4400132
..\1HVEU0120 (116).JPG,1601541988.0,1641823455.4400132
..\1HVEU0120 (117).JPG,1601541990.0,1641823455.4556262
..\1HVEU0120 (118).JPG,1601541990.0,1641823455.4556262
..\1HVEU0120 (119).JPG,1601541990.0,1641823454.5183465
..\1HVEU0120 (12).JPG,1599005130.0,1641823454.612076
..\1HVEU0120 (13).JPG,1599005130.0,1641823454.6276984
..\1HVEU0120 (14).JPG,1599005130.0,1641823454.6276984
..\1HVEU0120 (15).JPG,1599005132.0,1641823454.6433184
..\1HVEU0120 (16).JPG,1599009708.0,1641823454.6433184
..\1HVEU0120 (17).JPG,1599009708.0,1641823454.6589394
..\1HVEU0120 (18).JPG,1599009708.0,1641823454.6589394
..\1HVEU0120 (19).JPG,1599009710.0,1641823454.6745598
..\1HVEU0120 (2).JPG,1598105580.0,1641823454.5183465
..\1HVEU0120 (20).JPG,1599009710.0,1641823454.6745598
..\1HVEU0120 (21).JPG,1599012730.0,1641823454.690182
..\1HVEU0120 (22).JPG,1599012732.0,1641823454.690182
..\1HVEU0120 (23).JPG,1599012732.0,1641823454.7058382
..\1HVEU0120 (24).JPG,1599012732.0,1641823454.7058382
..\1HVEU0120 (25).JPG,1599012732.0,1641823454.7214243
..\1HVEU0120 (26).JPG,1599100274.0,1641823454.7214243
..\1HVEU0120 (27).JPG,1599100274.0,1641823454.7372334
..\1HVEU0120 (28).JPG,1599100274.0,1641823454.7372334
..\1HVEU0120 (29).JPG,1599100274.0,1641823454.7526672
..\1HVEU0120 (3).JPG,1598105580.0,1641823454.5183465
..\1HVEU0120 (30).JPG,1599100274.0,1641823454.7526672
..\1HVEU0120 (31).JPG,1599362226.0,1641823454.768289
..\1HVEU0120 (32).JPG,1599362226.0,1641823454.768289
..\1HVEU0120 (33).JPG,1599362226.0,1641823454.783909
..\1HVEU0120 (34).JPG,1599362226.0,1641823454.783909
..\1HVEU0120 (35).JPG,1599362226.0,1641823454.7995305
..\1HVEU0120 (36).JPG,1599422606.0,1641823454.7995305
..\1HVEU0120 (37).JPG,1599422606.0,1641823454.7995305
..\1HVEU0120 (38).JPG,1599422606.0,1641823454.8151724
..\1HVEU0120 (39).JPG,1599422606.0,1641823454.8151724
..\1HVEU0120 (4).JPG,1598105582.0,1641823454.533972
..\1HVEU0120 (40).JPG,1599422606.0,1641823454.8307736
..\1HVEU0120 (41).JPG,1599719516.0,1641823454.8307736
..\1HVEU0120 (42).JPG,1599719516.0,1641823454.8463953
..\1HVEU0120 (43).JPG,1599719518.0,1641823454.8463953
..\1HVEU0120 (44).JPG,1599719518.0,1641823454.8620164
..\1HVEU0120 (45).JPG,1599719518.0,1641823454.8620164
..\1HVEU0120 (46).JPG,1599727166.0,1641823454.8776376
..\1HVEU0120 (47).JPG,1599727166.0,1641823454.8776376
..\1HVEU0120 (48).JPG,1599727166.0,1641823454.8932588
..\1HVEU0120 (49).JPG,1599727166.0,1641823454.8932588
..\1HVEU0120 (5).JPG,1598105582.0,1641823454.533972
..\1HVEU0120 (50).JPG,1599727168.0,1641823454.9088805
..\1HVEU0120 (51).JPG,1600555450.0,1641823454.92466
..\1HVEU0120 (52).JPG,1600555450.0,1641823454.92466
..\1HVEU0120 (53).JPG,1600555452.0,1641823454.9401228
..\1HVEU0120 (54).JPG,1600555452.0,1641823454.9401228
..\1HVEU0120 (55).JPG,1600555452.0,1641823454.9557438
..\1HVEU0120 (56).JPG,1600587686.0,1641823454.9557438
..\1HVEU0120 (57).JPG,1600587686.0,1641823454.97152
..\1HVEU0120 (58).JPG,1600587686.0,1641823454.97152
..\1HVEU0120 (59).JPG,1600587686.0,1641823454.987142
..\1HVEU0120 (6).JPG,1598105582.0,1641823454.5652118
..\1HVEU0120 (60).JPG,1600587688.0,1641823455.0026083
..\1HVEU0120 (61).JPG,1600779302.0,1641823455.0026083
..\1HVEU0120 (62).JPG,1600779302.0,1641823455.0182292
..\1HVEU0120 (63).JPG,1600779302.0,1641823455.0182292
..\1HVEU0120 (64).JPG,1600779304.0,1641823455.03385
..\1HVEU0120 (65).JPG,1600779304.0,1641823455.03385
..\1HVEU0120 (66).JPG,1601128866.0,1641823455.0495713
..\1HVEU0120 (67).JPG,1601128866.0,1641823455.0495713
..\1HVEU0120 (68).JPG,1601128866.0,1641823455.0650947
..\1HVEU0120 (69).JPG,1601128866.0,1641823455.0650947
..\1HVEU0120 (7).JPG,1598556564.0,1641823454.5808325
..\1HVEU0120 (70).JPG,1601128866.0,1641823455.080742
..\1HVEU0120 (71).JPG,1601332704.0,1641823455.080742
..\1HVEU0120 (72).JPG,1601332704.0,1641823455.096336
..\1HVEU0120 (73).JPG,1601332704.0,1641823455.096336
..\1HVEU0120 (74).JPG,1601332704.0,1641823455.1119576
..\1HVEU0120 (75).JPG,1601332704.0,1641823455.1119576
..\1HVEU0120 (76).JPG,1601333618.0,1641823455.1432014
..\1HVEU0120 (77).JPG,1601333618.0,1641823455.1744425
..\1HVEU0120 (78).JPG,1601333620.0,1641823455.1744425
..\1HVEU0120 (79).JPG,1601333620.0,1641823455.1744425
..\1HVEU0120 (8).JPG,1598556564.0,1641823454.5808325
..\1HVEU0120 (80).JPG,1601333620.0,1641823455.1902685
..\1HVEU0120 (81).JPG,1601360714.0,1641823455.1902685
..\1HVEU0120 (82).JPG,1601360714.0,1641823455.2056856
..\1HVEU0120 (83).JPG,1601360714.0,1641823455.2056856
..\1HVEU0120 (84).JPG,1601360714.0,1641823455.2213056
..\1HVEU0120 (85).JPG,1601360714.0,1641823455.2213056
..\1HVEU0120 (86).JPG,1601363438.0,1641823455.2370765
..\1HVEU0120 (87).JPG,1601363438.0,1641823455.2525494
..\1HVEU0120 (88).JPG,1601363440.0,1641823455.2525494
..\1HVEU0120 (89).JPG,1601363440.0,1641823455.2525494
..\1HVEU0120 (9).JPG,1598556564.0,1641823454.5964546
..\1HVEU0120 (90).JPG,1601363440.0,1641823455.2683206
..\1HVEU0120 (91).JPG,1601369426.0,1641823455.2683206
..\1HVEU0120 (92).JPG,1601369426.0,1641823455.2837918
..\1HVEU0120 (93).JPG,1601369426.0,1641823455.2837918
..\1HVEU0120 (94).JPG,1601369426.0,1641823455.2994125
..\1HVEU0120 (95).JPG,1601369426.0,1641823455.2994125
..\1HVEU0120 (96).JPG,1601369992.0,1641823455.2994125
..\1HVEU0120 (97).JPG,1601369992.0,1641823455.3150675
..\1HVEU0120 (98).JPG,1601369992.0,1641823455.3150675
..\1HVEU0120 (99).JPG,1601369992.0,1641823455.3306558
..\2HVEU0076 (1).JPG,1603439050.0,1641823495.368106
..\2HVEU0076 (10).JPG,1602108806.0,1641823495.4461825
..\2HVEU0076 (11).JPG,1602108806.0,1641823495.4618015
..\2HVEU0076 (12).JPG,1602618966.0,1641823495.4618015
..\2HVEU0076 (13).JPG,1602618968.0,1641823495.477422
..\2HVEU0076 (14).JPG,1602618968.0,1641823495.477422
..\2HVEU0076 (15).JPG,1602618968.0,1641823495.4930432
..\2HVEU0076 (16).JPG,1602618968.0,1641823495.4930432
..\2HVEU0076 (17).JPG,1602625752.0,1641823495.5086646
..\2HVEU0076 (18).JPG,1602625752.0,1641823495.5086646
..\2HVEU0076 (19).JPG,1602625752.0,1641823495.5242858
..\2HVEU0076 (2).JPG,1601585764.0,1641823495.383699
..\2HVEU0076 (20).JPG,1602625754.0,1641823495.5399096
..\2HVEU0076 (21).JPG,1602625754.0,1641823495.5399096
..\2HVEU0076 (22).JPG,1602911286.0,1641823495.5555308
..\2HVEU0076 (23).JPG,1602911286.0,1641823495.5555308
..\2HVEU0076 (24).JPG,1602911288.0,1641823495.57115
..\2HVEU0076 (25).JPG,1602911288.0,1641823495.57115
..\2HVEU0076 (26).JPG,1602911288.0,1641823495.5867712
..\2HVEU0076 (27).JPG,1603111568.0,1641823495.5867712
..\2HVEU0076 (28).JPG,1603111568.0,1641823495.6023924
..\2HVEU0076 (29).JPG,1603111568.0,1641823495.6180146
..\2HVEU0076 (3).JPG,1601585764.0,1641823495.383699
..\2HVEU0076 (30).JPG,1603111570.0,1641823495.6180146
..\2HVEU0076 (31).JPG,1603111570.0,1641823495.6336982
..\2HVEU0076 (32).JPG,1603130100.0,1641823495.6492558
..\2HVEU0076 (33).JPG,1603130100.0,1641823495.6492558
..\2HVEU0076 (34).JPG,1603130102.0,1641823495.664878
..\2HVEU0076 (35).JPG,1603130102.0,1641823495.664878
..\2HVEU0076 (36).JPG,1603130102.0,1641823495.6805298
..\2HVEU0076 (37).JPG,1603262910.0,1641823495.6805298
..\2HVEU0076 (38).JPG,1603262910.0,1641823495.696122
..\2HVEU0076 (39).JPG,1603262910.0,1641823495.7117434
..\2HVEU0076 (4).JPG,1601585766.0,1641823495.3993156
..\2HVEU0076 (40).JPG,1603262910.0,1641823495.7117434
..\2HVEU0076 (41).JPG,1603262910.0,1641823495.727364
..\2HVEU0076 (42).JPG,1603277532.0,1641823495.727364
..\2HVEU0076 (43).JPG,1603277532.0,1641823495.7431178
..\2HVEU0076 (44).JPG,1603277532.0,1641823495.7586045
..\2HVEU0076 (45).JPG,1603277532.0,1641823495.7586045
..\2HVEU0076 (46).JPG,1603277534.0,1641823495.7743423
..\2HVEU0076 (47).JPG,1603281332.0,1641823495.7898495
..\2HVEU0076 (48).JPG,1603281332.0,1641823495.7898495
..\2HVEU0076 (49).JPG,1603281334.0,1641823495.8054698
..\2HVEU0076 (5).JPG,1601585766.0,1641823495.3993156
..\2HVEU0076 (50).JPG,1603281334.0,1641823495.8054698
..\2HVEU0076 (51).JPG,1603281334.0,1641823495.821091
..\2HVEU0076 (52).JPG,1603284004.0,1641823495.8367133
..\2HVEU0076 (53).JPG,1603284004.0,1641823495.8367133
..\2HVEU0076 (54).JPG,1603284006.0,1641823495.8523347
..\2HVEU0076 (55).JPG,1603284006.0,1641823495.8523347
..\2HVEU0076 (56).JPG,1603284006.0,1641823495.8679552
..\2HVEU0076 (57).JPG,1603289200.0,1641823495.8835764
..\2HVEU0076 (58).JPG,1603289200.0,1641823495.8835764
..\2HVEU0076 (59).JPG,1603289200.0,1641823495.8992224
..\2HVEU0076 (6).JPG,1601585766.0,1641823495.4149368
..\2HVEU0076 (60).JPG,1603289200.0,1641823495.8992224
..\2HVEU0076 (61).JPG,1603289200.0,1641823495.9148455
..\2HVEU0076 (62).JPG,1603289570.0,1641823495.9148455
..\2HVEU0076 (63).JPG,1603289570.0,1641823495.9304395
..\2HVEU0076 (64).JPG,1603289570.0,1641823495.9304395
..\2HVEU0076 (65).JPG,1603289570.0,1641823495.9460618
..\2HVEU0076 (66).JPG,1603289570.0,1641823495.9460618
..\2HVEU0076 (67).JPG,1603438300.0,1641823495.9616826
..\2HVEU0076 (68).JPG,1603438300.0,1641823495.9616826
..\2HVEU0076 (69).JPG,1603438300.0,1641823495.977304
..\2HVEU0076 (7).JPG,1602108804.0,1641823495.4149368
..\2HVEU0076 (70).JPG,1603438302.0,1641823495.9929266
..\2HVEU0076 (71).JPG,1603438302.0,1641823495.9929266
..\2HVEU0076 (72).JPG,1603439048.0,1641823496.0086963
..\2HVEU0076 (73).JPG,1603439048.0,1641823496.0241683
..\2HVEU0076 (74).JPG,1603439048.0,1641823496.071033
..\2HVEU0076 (75).JPG,1603439050.0,1641823496.0866542
..\2HVEU0076 (8).JPG,1602108804.0,1641823495.4305582
..\2HVEU0076 (9).JPG,1602108804.0,1641823495.4461825
..\HVEU0001.JPG,1598105580.0,1641823395.3768678
..\HVEU0002.JPG,1598105580.0,1641823395.3924572
..\HVEU0003.JPG,1592794092.0,1641823343.9983833
..\HVEU0004.JPG,1592794094.0,1641823343.9983833
..\HVEU0005.JPG,1592794094.0,1641823343.9983833
..\HVEU0006.JPG,1592794094.0,1641823344.0139697
..\HVEU0007.JPG,1592794094.0,1641823344.0139697
..\HVEU0008.JPG,1593026664.0,1641823344.0295901
..\HVEU0009.JPG,1593026664.0,1641823344.0295901
..\HVEU0010.JPG,1593026664.0,1641823344.0295901
..\HVEU0011.JPG,1593026664.0,1641823344.0452116
..\HVEU0012.JPG,1593026664.0,1641823344.0452116
..\HVEU0013.JPG,1593158272.0,1641823344.0608327
..\HVEU0014.JPG,1593158272.0,1641823344.0608327
..\HVEU0015.JPG,1593158272.0,1641823344.0608327
..\HVEU0016.JPG,1593158272.0,1641823344.0608327
..\HVEU0017.JPG,1593158274.0,1641823344.076455
..\HVEU0018.JPG,1593540226.0,1641823344.076455
..\HVEU0019.JPG,1593540226.0,1641823344.0920756
..\HVEU0020.JPG,1593540228.0,1641823344.0920756
..\HVEU0021.JPG,1593540228.0,1641823344.1077318
..\HVEU0022.JPG,1593540228.0,1641823344.1077318
..\HVEU0023.JPG,1593674752.0,1641823344.1235266
..\HVEU0024.JPG,1593674752.0,1641823344.1235266
..\HVEU0025.JPG,1593674752.0,1641823344.1389394
..\HVEU0026.JPG,1593674752.0,1641823344.1389394
..\HVEU0027.JPG,1593674752.0,1641823344.1545725
..\HVEU0028.JPG,1594055398.0,1641823344.1703277
..\HVEU0029.JPG,1594055398.0,1641823344.1703277
..\HVEU0030.JPG,1594055398.0,1641823344.185919
..\HVEU0031.JPG,1594055398.0,1641823344.185919
..\HVEU0032.JPG,1594055398.0,1641823344.2014246
..\HVEU0033.JPG,1594920486.0,1641823344.2014246
..\HVEU0034.JPG,1594920486.0,1641823344.2170446
..\HVEU0035.JPG,1594920486.0,1641823344.2170446
..\HVEU0036.JPG,1594920486.0,1641823344.2326667
..\HVEU0037.JPG,1594920486.0,1641823344.2326667
..\HVEU0038.JPG,1594961894.0,1641823344.2326667
..\HVEU0039.JPG,1594961894.0,1641823344.2482874
..\HVEU0040.JPG,1594961896.0,1641823344.2639105
..\HVEU0041.JPG,1594961896.0,1641823344.2639105
..\HVEU0042.JPG,1594961896.0,1641823344.2795327
..\HVEU0043.JPG,1594972550.0,1641823344.2795327
..\HVEU0044.JPG,1594972552.0,1641823344.2951522
..\HVEU0045.JPG,1594972552.0,1641823344.2951522
..\HVEU0046.JPG,1594972552.0,1641823344.3107738
..\HVEU0047.JPG,1594972552.0,1641823344.3107738
..\HVEU0048.JPG,1594973082.0,1641823344.326396
..\HVEU0049.JPG,1594973084.0,1641823344.326396
..\HVEU0050.JPG,1594973084.0,1641823344.342016
..\HVEU0051.JPG,1594973084.0,1641823344.342016
..\HVEU0052.JPG,1594973084.0,1641823344.3576374
..\HVEU0053.JPG,1594973350.0,1641823344.3576374
..\HVEU0054.JPG,1594973350.0,1641823344.3732593
..\HVEU0055.JPG,1594973352.0,1641823344.3732593
..\HVEU0056.JPG,1594973352.0,1641823344.38888
..\HVEU0057.JPG,1594973352.0,1641823344.38888
..\HVEU0058.JPG,1594986998.0,1641823344.4045022
..\HVEU0059.JPG,1594986998.0,1641823344.4045022
..\HVEU0060.JPG,1594986998.0,1641823344.420123
..\HVEU0061.JPG,1594986998.0,1641823344.420123
..\HVEU0062.JPG,1594986998.0,1641823344.4357438
..\HVEU0063.JPG,1594993562.0,1641823344.4357438
..\HVEU0064.JPG,1594993562.0,1641823344.4513679
..\HVEU0065.JPG,1594993562.0,1641823344.4513679
..\HVEU0066.JPG,1594993562.0,1641823344.4669864
..\HVEU0067.JPG,1594993562.0,1641823344.4669864
..\HVEU0068.JPG,1594998514.0,1641823344.4827578
..\HVEU0069.JPG,1594998516.0,1641823344.4827578
..\HVEU0070.JPG,1594998516.0,1641823344.4982295
..\HVEU0071.JPG,1594998516.0,1641823344.5138533
..\HVEU0072.JPG,1594998516.0,1641823344.5138533
..\HVEU0073.JPG,1594999262.0,1641823344.5138533
..\HVEU0074.JPG,1594999264.0,1641823344.5294724
..\HVEU0075.JPG,1594999264.0,1641823344.5450945
..\HVEU0076.JPG,1594999264.0,1641823344.5450945
..\HVEU0077.JPG,1594999264.0,1641823344.5450945
..\HVEU0078.JPG,1595003130.0,1641823344.5607145
..\HVEU0079.JPG,1595003132.0,1641823344.5763378
..\HVEU0080.JPG,1595003132.0,1641823344.5763378
..\HVEU0081.JPG,1595003132.0,1641823344.5919573
..\HVEU0082.JPG,1595003132.0,1641823344.5919573
..\HVEU0083.JPG,1595094538.0,1641823344.6075792
..\HVEU0084.JPG,1595094538.0,1641823344.6075792
..\HVEU0085.JPG,1595094538.0,1641823344.6232
..\HVEU0086.JPG,1595094538.0,1641823344.6232
..\HVEU0087.JPG,1595094540.0,1641823344.6388228
..\HVEU0088.JPG,1595137514.0,1641823344.6388228
..\HVEU0089.JPG,1595137514.0,1641823344.6544425
..\HVEU0090.JPG,1595137514.0,1641823344.6544425
..\HVEU0091.JPG,1595137516.0,1641823344.6700644
..\HVEU0092.JPG,1595137516.0,1641823344.6700644
..\HVEU0093.JPG,1595259862.0,1641823344.6700644
..\HVEU0094.JPG,1595259862.0,1641823344.685685
..\HVEU0095.JPG,1595259862.0,1641823344.685685
..\HVEU0096.JPG,1595259862.0,1641823344.7014425
..\HVEU0097.JPG,1595259862.0,1641823344.7014425
..\HVEU0098.JPG,1595296286.0,1641823344.716927
..\HVEU0099.JPG,1595296286.0,1641823344.7481701
..\HVEU0100.JPG,1595296286.0,1641823344.7638052
..\HVEU0101.JPG,1595296286.0,1641823344.7638052
..\HVEU0102.JPG,1595296286.0,1641823344.779413
..\HVEU0103.JPG,1595296442.0,1641823344.779413
..\HVEU0104.JPG,1595296442.0,1641823344.7951913
..\HVEU0105.JPG,1595296442.0,1641823344.7951913
..\HVEU0106.JPG,1595296442.0,1641823344.8106544
..\HVEU0107.JPG,1595296442.0,1641823344.8106544
..\HVEU0108.JPG,1595355820.0,1641823344.8264263
..\HVEU0109.JPG,1595355820.0,1641823344.8264263
..\HVEU0110.JPG,1595355820.0,1641823344.841902
..\HVEU0111.JPG,1595355820.0,1641823344.841902
..\HVEU0112.JPG,1595355820.0,1641823344.8575187
..\HVEU0113.JPG,1595358886.0,1641823344.8575187
..\HVEU0114.JPG,1595358886.0,1641823344.8575187
..\HVEU0115.JPG,1595358886.0,1641823344.873291
..\HVEU0116.JPG,1595358886.0,1641823344.873291
..\HVEU0117.JPG,1595358888.0,1641823344.8887622
..\HVEU0118.JPG,1595627620.0,1641823344.8887622
..\HVEU0119.JPG,1595627622.0,1641823344.904534
..\HVEU0120.JPG,1595627622.0,1641823344.904534
..\HVEU0121.JPG,1595627622.0,1641823344.9200048
..\HVEU0122.JPG,1595627622.0,1641823344.9200048
..\HVEU0123.JPG,1595693752.0,1641823344.9358032
..\HVEU0124.JPG,1595693752.0,1641823344.9358032
..\HVEU0125.JPG,1595693752.0,1641823344.9513996
..\HVEU0126.JPG,1595693752.0,1641823344.9670212
..\HVEU0127.JPG,1595693752.0,1641823344.9670212
..\HVEU0128.JPG,1595929666.0,1641823344.9824927
..\HVEU0129.JPG,1595929666.0,1641823344.9824927
..\HVEU0130.JPG,1595929666.0,1641823344.9981115
..\HVEU0131.JPG,1595929666.0,1641823344.9981115
..\HVEU0132.JPG,1595929668.0,1641823345.013733
..\HVEU0133.JPG,1596217652.0,1641823345.0293543
..\HVEU0134.JPG,1596217652.0,1641823345.0449753
..\HVEU0135.JPG,1596217652.0,1641823345.0606034
..\HVEU0136.JPG,1596217654.0,1641823345.0606034
..\HVEU0137.JPG,1596217654.0,1641823345.0762177
..\HVEU0138.JPG,1596446192.0,1641823345.0762177
..\HVEU0139.JPG,1596446192.0,1641823345.0918398
..\HVEU0140.JPG,1596446192.0,1641823345.0918398
..\HVEU0141.JPG,1596446192.0,1641823345.1074617
..\HVEU0142.JPG,1596446192.0,1641823345.1074617
..\HVEU0143.JPG,1596446414.0,1641823345.1230817
..\HVEU0144.JPG,1596446414.0,1641823345.1230817
..\HVEU0145.JPG,1596446414.0,1641823345.1387036
..\HVEU0146.JPG,1596446414.0,1641823345.1387036
..\HVEU0147.JPG,1596446414.0,1641823345.1543255
..\HVEU0148.JPG,1596724136.0,1641823345.1699457
..\HVEU0149.JPG,1596724136.0,1641823345.1699457
..\HVEU0150.JPG,1596724136.0,1641823345.185568
..\HVEU0151.JPG,1596724136.0,1641823345.185568
..\HVEU0152.JPG,1596724136.0,1641823345.2011888
..\HVEU0153.JPG,1596755798.0,1641823345.2011888
..\HVEU0154.JPG,1596755800.0,1641823345.2168088
..\HVEU0155.JPG,1596755800.0,1641823345.2168088
..\HVEU0156.JPG,1596755800.0,1641823345.2324314
..\HVEU0157.JPG,1596755800.0,1641823345.2324314
..\HVEU0158.JPG,1596775878.0,1641823345.2480526
..\HVEU0159.JPG,1596775878.0,1641823345.2636747
..\HVEU0160.JPG,1596775878.0,1641823345.2636747
..\HVEU0161.JPG,1596775878.0,1641823345.279295
..\HVEU0162.JPG,1596775878.0,1641823345.279295
..\HVEU0163.JPG,1596776076.0,1641823345.2949166
..\HVEU0164.JPG,1596776078.0,1641823345.310543
..\HVEU0165.JPG,1596776078.0,1641823345.310543
..\HVEU0166.JPG,1596776078.0,1641823345.3261595
..\HVEU0167.JPG,1596776078.0,1641823345.3417797
..\HVEU0168.JPG,1597089376.0,1641823345.3417797
..\HVEU0169.JPG,1597089376.0,1641823345.3574014
..\HVEU0170.JPG,1597089376.0,1641823345.3574014
..\HVEU0171.JPG,1597089376.0,1641823345.3730223
..\HVEU0172.JPG,1597089376.0,1641823345.3730223
..\HVEU0173.JPG,1597112366.0,1641823345.3886445
..\HVEU0174.JPG,1597112366.0,1641823345.3886445
..\HVEU0175.JPG,1597112366.0,1641823345.4042654
..\HVEU0176.JPG,1597112368.0,1641823345.4042654
..\HVEU0177.JPG,1597112368.0,1641823345.4042654
..\HVEU0178.JPG,1597197966.0,1641823345.4198868
..\HVEU0179.JPG,1597197966.0,1641823345.4198868
..\HVEU0180.JPG,1597197966.0,1641823345.4355075
..\HVEU0181.JPG,1597197968.0,1641823345.4355075
..\HVEU0182.JPG,1597197968.0,1641823345.4511297
..\HVEU0183.JPG,1597205372.0,1641823345.4511297
..\HVEU0184.JPG,1597205372.0,1641823345.466751
..\HVEU0185.JPG,1597205372.0,1641823345.466751
..\HVEU0186.JPG,1597205374.0,1641823345.482372
..\HVEU0187.JPG,1597205374.0,1641823345.482372
..\HVEU0188.JPG,1597292172.0,1641823345.497993
..\HVEU0189.JPG,1597292172.0,1641823345.497993
..\HVEU0190.JPG,1597292172.0,1641823345.5136151
..\HVEU0191.JPG,1597292172.0,1641823345.5136151
..\HVEU0192.JPG,1597292174.0,1641823345.5292356
..\HVEU0193.JPG,1597292554.0,1641823345.5292356
..\HVEU0194.JPG,1597292554.0,1641823345.544858
..\HVEU0195.JPG,1597292554.0,1641823345.5604792
..\HVEU0196.JPG,1597292556.0,1641823345.5604792
..\HVEU0197.JPG,1597292556.0,1641823345.5760996
..\HVEU0198.JPG,1597746050.0,1641823345.5760996
..\HVEU0199.JPG,1597746050.0,1641823345.5917206
..\HVEU0200.JPG,1597746050.0,1641823345.5917206
..\HVEU0201.JPG,1597746050.0,1641823345.6073432
..\HVEU0202.JPG,1597746052.0,1641823345.6073432
..\HVEU0203.JPG,1597804968.0,1641823345.622964
..\HVEU0204.JPG,1597804968.0,1641823345.622964
..\HVEU0205.JPG,1597804968.0,1641823345.6385846
..\HVEU0206.JPG,1597804968.0,1641823345.6385846
..\HVEU0207.JPG,1597804968.0,1641823345.6542072
..\HVEU0208.JPG,1597809776.0,1641823345.6542072
..\HVEU0209.JPG,1597809776.0,1641823345.6698282
..\HVEU0210.JPG,1597809776.0,1641823345.6698282
..\HVEU0211.JPG,1597809778.0,1641823345.685449
..\HVEU0212.JPG,1597809778.0,1641823345.685449
..\HVEU0213.JPG,1597858202.0,1641823345.685449
..\HVEU0214.JPG,1597858204.0,1641823345.70107
..\HVEU0215.JPG,1597858204.0,1641823345.70107
..\HVEU0216.JPG,1597858204.0,1641823345.7166917
..\HVEU0217.JPG,1597858204.0,1641823343.9983833
..\HVEU0636.JPG,1590494586.0,1641823288.8863657
..\HVEU0637.JPG,1590634424.0,1641823288.8863657
..\HVEU0638.JPG,1590634424.0,1641823288.8863657
..\HVEU0639.JPG,1590634424.0,1641823288.8863657
..\HVEU0640.JPG,1590634424.0,1641823288.8863657
..\HVEU0641.JPG,1590634424.0,1641823288.9021513
..\HVEU0642.JPG,1590685972.0,1641823288.9021513
..\HVEU0643.JPG,1590685972.0,1641823288.9021513
..\HVEU0644.JPG,1590685972.0,1641823288.9021513
..\HVEU0645.JPG,1590685974.0,1641823288.9176097
..\HVEU0646.JPG,1590685974.0,1641823288.9176097
..\HVEU0647.JPG,1590687134.0,1641823288.9176097
..\HVEU0648.JPG,1590687134.0,1641823288.9176097
..\HVEU0649.JPG,1590687134.0,1641823288.933231
..\HVEU0650.JPG,1590687134.0,1641823288.933231
..\HVEU0651.JPG,1590687136.0,1641823288.933231
..\HVEU0652.JPG,1590743082.0,1641823288.933231
..\HVEU0653.JPG,1590743082.0,1641823288.9488523
..\HVEU0654.JPG,1590743082.0,1641823288.9488523
..\HVEU0655.JPG,1590743082.0,1641823288.9488523
..\HVEU0656.JPG,1590743084.0,1641823288.9488523
..\HVEU0657.JPG,1591116134.0,1641823288.9488523
..\HVEU0658.JPG,1591116134.0,1641823288.9644732
..\HVEU0659.JPG,1591116134.0,1641823288.9644732
..\HVEU0660.JPG,1591116136.0,1641823288.9644732
..\HVEU0661.JPG,1591116136.0,1641823288.9644732
..\HVEU0662.JPG,1591456730.0,1641823288.9800947
..\HVEU0663.JPG,1591456730.0,1641823288.9800947
..\HVEU0664.JPG,1591456730.0,1641823288.9800947
..\HVEU0665.JPG,1591456730.0,1641823288.9800947
..\HVEU0666.JPG,1591456730.0,1641823288.9800947
..\HVEU0667.JPG,1591727664.0,1641823288.9957151
..\HVEU0668.JPG,1591727664.0,1641823288.9957151
..\HVEU0669.JPG,1591727664.0,1641823288.9957151
..\HVEU0670.JPG,1591727664.0,1641823288.9957151
..\HVEU0671.JPG,1591727664.0,1641823289.0113373
..\HVEU0672.JPG,1591813748.0,1641823289.0113373
..\HVEU0673.JPG,1591813748.0,1641823289.0113373
..\HVEU0674.JPG,1591813748.0,1641823289.0113373
..\HVEU0675.JPG,1591813748.0,1641823289.0113373
..\HVEU0676.JPG,1591813748.0,1641823289.0269585
..\HVEU0677.JPG,1592128292.0,1641823289.0269585
..\HVEU0678.JPG,1592128292.0,1641823289.0269585
..\HVEU0679.JPG,1592128292.0,1641823289.0269585
..\HVEU0680.JPG,1592128292.0,1641823289.0425794
..\HVEU0681.JPG,1592128294.0,1641823289.0425794
..\HVEU0682.JPG,1592141808.0,1641823289.0425794
..\HVEU0683.JPG,1592141810.0,1641823289.0425794
..\HVEU0684.JPG,1592141810.0,1641823289.058202
..\HVEU0685.JPG,1592141810.0,1641823289.058202
..\HVEU0686.JPG,1592141810.0,1641823289.058202
