..\1RAEU0001 (1).JPG,1592838576.0,1641824753.5449898
..\1RAEU0001 (10).JPG,1592843652.0,1641824753.6543393
..\1RAEU0001 (100).JPG,1593030178.0,1641824754.6697247
..\1RAEU0001 (101).JPG,1593030714.0,1641824754.6697247
..\1RAEU0001 (102).JPG,1593030716.0,1641824754.6853461
..\1RAEU0001 (103).JPG,1593030716.0,1641824754.6853461
..\1RAEU0001 (104).JPG,1593030716.0,1641824754.7009668
..\1RAEU0001 (105).JPG,1593030716.0,1641824754.7009668
..\1RAEU0001 (106).JPG,1593043198.0,1641824754.716588
..\1RAEU0001 (107).JPG,1593043200.0,1641824754.73221
..\1RAEU0001 (108).JPG,1593043200.0,1641824754.73221
..\1RAEU0001 (109).JPG,1593043200.0,1641824754.7478313
..\1RAEU0001 (11).JPG,1592848194.0,1641824753.669961
..\1RAEU0001 (110).JPG,1593043200.0,1641824754.7478313
..\1RAEU0001 (111).JPG,1593057044.0,1641824754.763452
..\1RAEU0001 (112).JPG,1593057044.0,1641824754.779074
..\1RAEU0001 (113).JPG,1593057044.0,1641824754.7946944
..\1RAEU0001 (114).JPG,1593057046.0,1641824754.8103158
..\1RAEU0001 (115).JPG,1593057046.0,1641824754.8259394
..\1RAEU0001 (116).JPG,1593058064.0,1641824754.8415587
..\1RAEU0001 (117).JPG,1593058066.0,1641824754.8415587
..\1RAEU0001 (118).JPG,1593058066.0,1641824754.8884225
..\1RAEU0001 (119).JPG,1593058068.0,1641824754.9352877
..\1RAEU0001 (12).JPG,1592848194.0,1641824753.685583
..\1RAEU0001 (120).JPG,1593058068.0,1641824754.9509077
..\1RAEU0001 (121).JPG,1593058930.0,1641824754.9665308
..\1RAEU0001 (122).JPG,1593058930.0,1641824754.9821503
..\1RAEU0001 (123).JPG,1593058932.0,1641824754.9977725
..\1RAEU0001 (124).JPG,1593058932.0,1641824755.0133932
..\1RAEU0001 (125).JPG,1593058932.0,1641824755.0133932
..\1RAEU0001 (126).JPG,1593061884.0,1641824755.0290146
..\1RAEU0001 (127).JPG,1593061884.0,1641824755.0446355
..\1RAEU0001 (128).JPG,1593061884.0,1641824755.060263
..\1RAEU0001 (129).JPG,1593061886.0,1641824755.060263
..\1RAEU0001 (13).JPG,1592848196.0,1641824753.685583
..\1RAEU0001 (130).JPG,1593061886.0,1641824755.075878
..\1RAEU0001 (131).JPG,1593062240.0,1641824755.0914998
..\1RAEU0001 (132).JPG,1593062242.0,1641824755.0914998
..\1RAEU0001 (133).JPG,1593062242.0,1641824755.107121
..\1RAEU0001 (134).JPG,1593062242.0,1641824755.1227427
..\1RAEU0001 (135).JPG,1593062244.0,1641824755.1383631
..\1RAEU0001 (136).JPG,1593070154.0,1641824755.1539848
..\1RAEU0001 (137).JPG,1593070156.0,1641824755.1539848
..\1RAEU0001 (138).JPG,1593070156.0,1641824755.1696064
..\1RAEU0001 (139).JPG,1593070156.0,1641824755.1852279
..\1RAEU0001 (14).JPG,1592848196.0,1641824753.7012033
..\1RAEU0001 (140).JPG,1593070158.0,1641824755.1852279
..\1RAEU0001 (141).JPG,1593098944.0,1641824755.2008493
..\1RAEU0001 (142).JPG,1593098944.0,1641824755.2164707
..\1RAEU0001 (143).JPG,1593098944.0,1641824755.2320924
..\1RAEU0001 (144).JPG,1593098946.0,1641824755.2320924
..\1RAEU0001 (145).JPG,1593098946.0,1641824755.2477121
..\1RAEU0001 (146).JPG,1593099430.0,1641824755.2633345
..\1RAEU0001 (147).JPG,1593099430.0,1641824755.2633345
..\1RAEU0001 (148).JPG,1593099430.0,1641824755.2789555
..\1RAEU0001 (149).JPG,1593099432.0,1641824755.2945762
..\1RAEU0001 (15).JPG,1592848196.0,1641824753.7012033
..\1RAEU0001 (150).JPG,1593099432.0,1641824755.2945762
..\1RAEU0001 (151).JPG,1593102216.0,1641824755.3101976
..\1RAEU0001 (152).JPG,1593102216.0,1641824755.3258195
..\1RAEU0001 (153).JPG,1593102216.0,1641824755.3258195
..\1RAEU0001 (154).JPG,1593102218.0,1641824755.3414404
..\1RAEU0001 (155).JPG,1593102218.0,1641824755.3570626
..\1RAEU0001 (156).JPG,1593102520.0,1641824755.3726847
..\1RAEU0001 (157).JPG,1593102522.0,1641824755.3726847
..\1RAEU0001 (158).JPG,1593102522.0,1641824755.3883047
..\1RAEU0001 (159).JPG,1593102522.0,1641824755.4039264
..\1RAEU0001 (16).JPG,1592912300.0,1641824753.716826
..\1RAEU0001 (160).JPG,1593102524.0,1641824755.4039264
..\1RAEU0001 (161).JPG,1593102900.0,1641824755.4195476
..\1RAEU0001 (162).JPG,1593102900.0,1641824755.435168
..\1RAEU0001 (163).JPG,1593102900.0,1641824755.45079
..\1RAEU0001 (164).JPG,1593102902.0,1641824755.45079
..\1RAEU0001 (165).JPG,1593102902.0,1641824755.466411
..\1RAEU0001 (166).JPG,1593104468.0,1641824755.4820428
..\1RAEU0001 (167).JPG,1593104468.0,1641824755.4820428
..\1RAEU0001 (168).JPG,1593104468.0,1641824755.497654
..\1RAEU0001 (169).JPG,1593104470.0,1641824755.5132754
..\1RAEU0001 (17).JPG,1592912302.0,1641824753.7324529
..\1RAEU0001 (170).JPG,1593104470.0,1641824755.5132754
..\1RAEU0001 (171).JPG,1593141040.0,1641824755.5288963
..\1RAEU0001 (172).JPG,1593141040.0,1641824755.5445187
..\1RAEU0001 (173).JPG,1593141040.0,1641824755.5445187
..\1RAEU0001 (174).JPG,1593141040.0,1641824755.5601392
..\1RAEU0001 (175).JPG,1593141040.0,1641824755.5601392
..\1RAEU0001 (176).JPG,1593311124.0,1641824755.5757601
..\1RAEU0001 (177).JPG,1593311124.0,1641824755.5913815
..\1RAEU0001 (178).JPG,1593311126.0,1641824755.5913815
..\1RAEU0001 (179).JPG,1593311126.0,1641824755.607004
..\1RAEU0001 (18).JPG,1592912302.0,1641824753.748069
..\1RAEU0001 (180).JPG,1593311126.0,1641824755.6226254
..\1RAEU0001 (181).JPG,1593311332.0,1641824755.6226254
..\1RAEU0001 (182).JPG,1593311332.0,1641824755.638246
..\1RAEU0001 (183).JPG,1593311334.0,1641824755.638246
..\1RAEU0001 (184).JPG,1593311334.0,1641824755.6538663
..\1RAEU0001 (185).JPG,1593311334.0,1641824755.6538663
..\1RAEU0001 (186).JPG,1593314772.0,1641824755.6694877
..\1RAEU0001 (187).JPG,1593314772.0,1641824755.6694877
..\1RAEU0001 (188).JPG,1593314772.0,1641824755.6851094
..\1RAEU0001 (189).JPG,1593314772.0,1641824755.6851094
..\1RAEU0001 (19).JPG,1592912302.0,1641824753.748069
..\1RAEU0001 (190).JPG,1593314774.0,1641824755.6851094
..\1RAEU0001 (191).JPG,1593316560.0,1641824755.7007318
..\1RAEU0001 (192).JPG,1593316560.0,1641824755.7007318
..\1RAEU0001 (193).JPG,1593316562.0,1641824755.7007318
..\1RAEU0001 (194).JPG,1593316562.0,1641824755.7163532
..\1RAEU0001 (195).JPG,1593316562.0,1641824755.7163532
..\1RAEU0001 (196).JPG,1593316712.0,1641824755.7163532
..\1RAEU0001 (197).JPG,1593316712.0,1641824755.7163532
..\1RAEU0001 (198).JPG,1593316714.0,1641824755.7319734
..\1RAEU0001 (199).JPG,1593316714.0,1641824755.7319734
..\1RAEU0001 (2).JPG,1592838576.0,1641824753.5606112
..\1RAEU0001 (20).JPG,1592912302.0,1641824753.7637186
..\1RAEU0001 (200).JPG,1593316714.0,1641824755.7319734
..\1RAEU0001 (201).JPG,1593359662.0,1641824755.7475948
..\1RAEU0001 (202).JPG,1593359662.0,1641824755.7475948
..\1RAEU0001 (203).JPG,1593359662.0,1641824755.763217
..\1RAEU0001 (204).JPG,1593359664.0,1641824755.763217
..\1RAEU0001 (205).JPG,1593359664.0,1641824755.763217
..\1RAEU0001 (206).JPG,1593367890.0,1641824755.7788382
..\1RAEU0001 (207).JPG,1593367890.0,1641824755.7944584
..\1RAEU0001 (208).JPG,1593367890.0,1641824755.7944584
..\1RAEU0001 (209).JPG,1593367890.0,1641824755.810081
..\1RAEU0001 (21).JPG,1592912672.0,1641824753.77931
..\1RAEU0001 (210).JPG,1593367892.0,1641824755.810081
..\1RAEU0001 (211).JPG,1593368650.0,1641824755.8257017
..\1RAEU0001 (212).JPG,1593368650.0,1641824755.8257017
..\1RAEU0001 (213).JPG,1593368650.0,1641824755.841323
..\1RAEU0001 (214).JPG,1593368650.0,1641824755.841323
..\1RAEU0001 (215).JPG,1593368650.0,1641824755.856944
..\1RAEU0001 (216).JPG,1593518352.0,1641824755.8725655
..\1RAEU0001 (217).JPG,1593518354.0,1641824755.8725655
..\1RAEU0001 (218).JPG,1593518354.0,1641824755.8881867
..\1RAEU0001 (219).JPG,1593518354.0,1641824755.9038236
..\1RAEU0001 (22).JPG,1592912674.0,1641824753.7949307
..\1RAEU0001 (220).JPG,1593518356.0,1641824755.9038236
..\1RAEU0001 (221).JPG,1593814880.0,1641824755.9194283
..\1RAEU0001 (222).JPG,1593814880.0,1641824755.9194283
..\1RAEU0001 (223).JPG,1593814880.0,1641824755.935053
..\1RAEU0001 (224).JPG,1593814882.0,1641824755.9506721
..\1RAEU0001 (225).JPG,1593814882.0,1641824755.9506721
..\1RAEU0001 (226).JPG,1593870396.0,1641824755.9662929
..\1RAEU0001 (227).JPG,1593870398.0,1641824755.981914
..\1RAEU0001 (228).JPG,1593870398.0,1641824755.981914
..\1RAEU0001 (229).JPG,1593870398.0,1641824755.9975357
..\1RAEU0001 (23).JPG,1592912674.0,1641824753.7949307
..\1RAEU0001 (230).JPG,1593870400.0,1641824756.0131586
..\1RAEU0001 (231).JPG,1593927920.0,1641824756.0131586
..\1RAEU0001 (232).JPG,1593927922.0,1641824756.028778
..\1RAEU0001 (233).JPG,1593927922.0,1641824756.028778
..\1RAEU0001 (234).JPG,1593927922.0,1641824756.0443995
..\1RAEU0001 (235).JPG,1593927924.0,1641824756.0600226
..\1RAEU0001 (236).JPG,1593967396.0,1641824756.0600226
..\1RAEU0001 (237).JPG,1593967398.0,1641824756.075642
..\1RAEU0001 (238).JPG,1593967398.0,1641824756.0912635
..\1RAEU0001 (239).JPG,1593967398.0,1641824756.1068847
..\1RAEU0001 (24).JPG,1592912674.0,1641824753.8107412
..\1RAEU0001 (240).JPG,1593967400.0,1641824756.122506
..\1RAEU0001 (241).JPG,1594059094.0,1641824756.122506
..\1RAEU0001 (242).JPG,1594059094.0,1641824756.1381266
..\1RAEU0001 (243).JPG,1594059096.0,1641824756.1381266
..\1RAEU0001 (244).JPG,1594059096.0,1641824756.1537485
..\1RAEU0001 (245).JPG,1594059096.0,1641824756.1537485
..\1RAEU0001 (246).JPG,1594086948.0,1641824756.1693697
..\1RAEU0001 (247).JPG,1594086948.0,1641824756.1693697
..\1RAEU0001 (248).JPG,1594086950.0,1641824756.184991
..\1RAEU0001 (249).JPG,1594086950.0,1641824756.184991
..\1RAEU0001 (25).JPG,1592912674.0,1641824753.826174
..\1RAEU0001 (250).JPG,1594086950.0,1641824756.2006123
..\1RAEU0001 (251).JPG,1594225908.0,1641824756.2006123
..\1RAEU0001 (252).JPG,1594225908.0,1641824756.2162337
..\1RAEU0001 (253).JPG,1594225910.0,1641824756.2162337
..\1RAEU0001 (254).JPG,1594225910.0,1641824756.2630982
..\1RAEU0001 (255).JPG,1594225910.0,1641824756.2943406
..\1RAEU0001 (256).JPG,1594398666.0,1641824756.3412092
..\1RAEU0001 (257).JPG,1594398666.0,1641824756.3880687
..\1RAEU0001 (258).JPG,1594398666.0,1641824756.419311
..\1RAEU0001 (259).JPG,1594398668.0,1641824756.4349327
..\1RAEU0001 (26).JPG,1592932524.0,1641824753.8417978
..\1RAEU0001 (260).JPG,1594398668.0,1641824756.4505546
..\1RAEU0001 (261).JPG,1594399478.0,1641824756.4505546
..\1RAEU0001 (262).JPG,1594399478.0,1641824756.4661748
..\1RAEU0001 (263).JPG,1594399480.0,1641824756.481797
..\1RAEU0001 (264).JPG,1594399480.0,1641824756.481797
..\1RAEU0001 (265).JPG,1594399480.0,1641824756.4974172
..\1RAEU0001 (266).JPG,1594399604.0,1641824756.5130386
..\1RAEU0001 (267).JPG,1594399604.0,1641824756.5130386
..\1RAEU0001 (268).JPG,1594399604.0,1641824756.5286596
..\1RAEU0001 (269).JPG,1594399606.0,1641824756.5442817
..\1RAEU0001 (27).JPG,1592932524.0,1641824753.8417978
..\1RAEU0001 (270).JPG,1594399606.0,1641824756.5442817
..\1RAEU0001 (271).JPG,1594399782.0,1641824756.5599043
..\1RAEU0001 (272).JPG,1594399784.0,1641824756.5755298
..\1RAEU0001 (273).JPG,1594399784.0,1641824756.5755298
..\1RAEU0001 (274).JPG,1594399784.0,1641824756.5911474
..\1RAEU0001 (275).JPG,1594399784.0,1641824756.5911474
..\1RAEU0001 (276).JPG,1594439582.0,1641824756.5911474
..\1RAEU0001 (277).JPG,1594439582.0,1641824756.6067667
..\1RAEU0001 (278).JPG,1594439582.0,1641824756.6067667
..\1RAEU0001 (279).JPG,1594439584.0,1641824756.6067667
..\1RAEU0001 (28).JPG,1592932526.0,1641824753.8574352
..\1RAEU0001 (280).JPG,1594439584.0,1641824756.6223884
..\1RAEU0001 (281).JPG,1594520260.0,1641824756.6223884
..\1RAEU0001 (282).JPG,1594520260.0,1641824756.6223884
..\1RAEU0001 (283).JPG,1594520260.0,1641824756.6380103
..\1RAEU0001 (284).JPG,1594520260.0,1641824756.6380103
..\1RAEU0001 (285).JPG,1594520262.0,1641824756.6380103
..\1RAEU0001 (286).JPG,1594662288.0,1641824756.6536326
..\1RAEU0001 (287).JPG,1594662288.0,1641824756.6536326
..\1RAEU0001 (288).JPG,1594662290.0,1641824756.6536326
..\1RAEU0001 (289).JPG,1594662290.0,1641824756.669256
..\1RAEU0001 (29).JPG,1592932526.0,1641824753.8730369
..\1RAEU0001 (290).JPG,1594662290.0,1641824756.669256
..\1RAEU0001 (291).JPG,1594693702.0,1641824756.6848738
..\1RAEU0001 (292).JPG,1594693702.0,1641824756.6848738
..\1RAEU0001 (293).JPG,1594693702.0,1641824756.6848738
..\1RAEU0001 (294).JPG,1594693702.0,1641824756.7004943
..\1RAEU0001 (295).JPG,1594693702.0,1641824756.7004943
..\1RAEU0001 (296).JPG,1594749926.0,1641824756.7004943
..\1RAEU0001 (297).JPG,1594749926.0,1641824756.7161174
..\1RAEU0001 (298).JPG,1594749926.0,1641824756.7161174
..\1RAEU0001 (299).JPG,1594749926.0,1641824756.7317388
..\1RAEU0001 (3).JPG,1592838576.0,1641824753.5762484
..\1RAEU0001 (30).JPG,1592932526.0,1641824753.8886597
..\1RAEU0001 (300).JPG,1594749928.0,1641824756.7473595
..\1RAEU0001 (301).JPG,1594818008.0,1641824756.7473595
..\1RAEU0001 (302).JPG,1595519738.0,1641824756.76298
..\1RAEU0001 (303).JPG,1595519738.0,1641824756.7786016
..\1RAEU0001 (304).JPG,1595519740.0,1641824756.7786016
..\1RAEU0001 (305).JPG,1595519740.0,1641824756.7786016
..\1RAEU0001 (306).JPG,1595519740.0,1641824756.7942235
..\1RAEU0001 (307).JPG,1595519856.0,1641824756.7942235
..\1RAEU0001 (308).JPG,1595519856.0,1641824756.7942235
..\1RAEU0001 (309).JPG,1595519858.0,1641824756.7942235
..\1RAEU0001 (31).JPG,1592932664.0,1641824753.8886597
..\1RAEU0001 (310).JPG,1595519858.0,1641824756.8098443
..\1RAEU0001 (311).JPG,1595519858.0,1641824756.8098443
..\1RAEU0001 (312).JPG,1595520546.0,1641824756.8098443
..\1RAEU0001 (313).JPG,1595520546.0,1641824756.8098443
..\1RAEU0001 (314).JPG,1595520546.0,1641824756.8254747
..\1RAEU0001 (315).JPG,1595520548.0,1641824756.8254747
..\1RAEU0001 (316).JPG,1595520548.0,1641824756.8254747
..\1RAEU0001 (317).JPG,1596180936.0,1641824756.841086
..\1RAEU0001 (318).JPG,1596180936.0,1641824756.841086
..\1RAEU0001 (319).JPG,1596180936.0,1641824756.8567078
..\1RAEU0001 (32).JPG,1592932664.0,1641824753.904509
..\1RAEU0001 (320).JPG,1596180938.0,1641824756.8723292
..\1RAEU0001 (321).JPG,1596180938.0,1641824756.8723292
..\1RAEU0001 (322).JPG,1596318284.0,1641824756.8879504
..\1RAEU0001 (323).JPG,1596318286.0,1641824756.8879504
..\1RAEU0001 (324).JPG,1596318286.0,1641824756.903572
..\1RAEU0001 (325).JPG,1596318286.0,1641824756.903572
..\1RAEU0001 (326).JPG,1596318286.0,1641824756.9191935
..\1RAEU0001 (327).JPG,1596425148.0,1641824756.9191935
..\1RAEU0001 (328).JPG,1596425148.0,1641824756.9348137
..\1RAEU0001 (329).JPG,1596425148.0,1641824756.9348137
..\1RAEU0001 (33).JPG,1592932666.0,1641824753.919937
..\1RAEU0001 (330).JPG,1596425148.0,1641824756.950435
..\1RAEU0001 (331).JPG,1596425148.0,1641824756.950435
..\1RAEU0001 (332).JPG,1596551556.0,1641824756.9660563
..\1RAEU0001 (333).JPG,1596551556.0,1641824756.981678
..\1RAEU0001 (334).JPG,1596551556.0,1641824756.981678
..\1RAEU0001 (335).JPG,1596551558.0,1641824756.9972994
..\1RAEU0001 (336).JPG,1596551558.0,1641824757.0129209
..\1RAEU0001 (337).JPG,1596558956.0,1641824757.0129209
..\1RAEU0001 (338).JPG,1596558956.0,1641824757.0285416
..\1RAEU0001 (339).JPG,1596558958.0,1641824757.0441632
..\1RAEU0001 (34).JPG,1592932666.0,1641824753.9355228
..\1RAEU0001 (340).JPG,1596558958.0,1641824757.0441632
..\1RAEU0001 (341).JPG,1596558958.0,1641824757.0597847
..\1RAEU0001 (342).JPG,1596832802.0,1641824757.0597847
..\1RAEU0001 (343).JPG,1596832802.0,1641824757.0754085
..\1RAEU0001 (344).JPG,1596832802.0,1641824757.0754085
..\1RAEU0001 (345).JPG,1596832802.0,1641824757.0910268
..\1RAEU0001 (346).JPG,1596832802.0,1641824757.0910268
..\1RAEU0001 (347).JPG,1597260762.0,1641824757.1066494
..\1RAEU0001 (348).JPG,1597260762.0,1641824757.1066494
..\1RAEU0001 (349).JPG,1597260764.0,1641824757.1222694
..\1RAEU0001 (35).JPG,1592932666.0,1641824753.9511435
..\1RAEU0001 (350).JPG,1597260764.0,1641824757.1222694
..\1RAEU0001 (351).JPG,1597260764.0,1641824757.1378913
..\1RAEU0001 (352).JPG,1597360086.0,1641824757.1378913
..\1RAEU0001 (353).JPG,1597360086.0,1641824757.1535125
..\1RAEU0001 (354).JPG,1597360086.0,1641824757.1535125
..\1RAEU0001 (355).JPG,1597360086.0,1641824757.169134
..\1RAEU0001 (356).JPG,1597360086.0,1641824757.169134
..\1RAEU0001 (357).JPG,1597574538.0,1641824757.1847556
..\1RAEU0001 (358).JPG,1597574538.0,1641824757.1847556
..\1RAEU0001 (359).JPG,1597574538.0,1641824757.2003765
..\1RAEU0001 (36).JPG,1592932782.0,1641824753.9511435
..\1RAEU0001 (360).JPG,1597574540.0,1641824757.2159977
..\1RAEU0001 (361).JPG,1597574540.0,1641824757.2159977
..\1RAEU0001 (362).JPG,1597674780.0,1641824757.2316186
..\1RAEU0001 (363).JPG,1597674780.0,1641824757.24724
..\1RAEU0001 (364).JPG,1597674780.0,1641824757.24724
..\1RAEU0001 (365).JPG,1597674782.0,1641824757.2628624
..\1RAEU0001 (366).JPG,1597674782.0,1641824757.2784848
..\1RAEU0001 (367).JPG,1597674928.0,1641824757.2784848
..\1RAEU0001 (368).JPG,1597674928.0,1641824757.294104
..\1RAEU0001 (369).JPG,1597674928.0,1641824757.309726
..\1RAEU0001 (37).JPG,1592932782.0,1641824753.9667654
..\1RAEU0001 (370).JPG,1597674930.0,1641824757.309726
..\1RAEU0001 (371).JPG,1597674930.0,1641824757.3253472
..\1RAEU0001 (372).JPG,1597675156.0,1641824757.3409677
..\1RAEU0001 (373).JPG,1597675156.0,1641824757.3409677
..\1RAEU0001 (374).JPG,1597675158.0,1641824757.3565896
..\1RAEU0001 (375).JPG,1597675158.0,1641824757.3722136
..\1RAEU0001 (376).JPG,1597675158.0,1641824757.3722136
..\1RAEU0001 (377).JPG,1597675424.0,1641824757.3878317
..\1RAEU0001 (378).JPG,1597675424.0,1641824757.3878317
..\1RAEU0001 (379).JPG,1597675424.0,1641824757.4034534
..\1RAEU0001 (38).JPG,1592932782.0,1641824753.982422
..\1RAEU0001 (380).JPG,1597675426.0,1641824757.4190745
..\1RAEU0001 (381).JPG,1597675426.0,1641824757.434698
..\1RAEU0001 (382).JPG,1597675556.0,1641824757.434698
..\1RAEU0001 (383).JPG,1597675558.0,1641824757.4503183
..\1RAEU0001 (384).JPG,1597675558.0,1641824757.4659388
..\1RAEU0001 (385).JPG,1597675558.0,1641824757.4659388
..\1RAEU0001 (386).JPG,1597675560.0,1641824757.4815595
..\1RAEU0001 (387).JPG,1597675748.0,1641824757.4971812
..\1RAEU0001 (388).JPG,1597675748.0,1641824757.5128026
..\1RAEU0001 (389).JPG,1597675750.0,1641824757.5128026
..\1RAEU0001 (39).JPG,1592932784.0,1641824753.982422
..\1RAEU0001 (390).JPG,1597675750.0,1641824757.5284238
..\1RAEU0001 (391).JPG,1597675750.0,1641824757.5440452
..\1RAEU0001 (392).JPG,1597675974.0,1641824757.5596664
..\1RAEU0001 (393).JPG,1597675974.0,1641824757.5596664
..\1RAEU0001 (394).JPG,1597675974.0,1641824757.5752902
..\1RAEU0001 (395).JPG,1597675976.0,1641824757.5909092
..\1RAEU0001 (396).JPG,1597675976.0,1641824757.622152
..\1RAEU0001 (397).JPG,1597679684.0,1641824757.6690156
..\1RAEU0001 (398).JPG,1597679684.0,1641824757.7002585
..\1RAEU0001 (399).JPG,1597679686.0,1641824757.762743
..\1RAEU0001 (4).JPG,1592838578.0,1641824753.5762484
..\1RAEU0001 (40).JPG,1592932784.0,1641824753.998008
..\1RAEU0001 (400).JPG,1597679686.0,1641824757.8096094
..\1RAEU0001 (401).JPG,1597679686.0,1641824757.8408504
..\1RAEU0001 (402).JPG,1597680438.0,1641824757.8720925
..\1RAEU0001 (403).JPG,1597680438.0,1641824757.8877137
..\1RAEU0001 (404).JPG,1597680440.0,1641824757.9033358
..\1RAEU0001 (405).JPG,1597680440.0,1641824757.918957
..\1RAEU0001 (406).JPG,1597680440.0,1641824757.9345784
..\1RAEU0001 (407).JPG,1597680700.0,1641824757.9345784
..\1RAEU0001 (408).JPG,1597680700.0,1641824757.9501987
..\1RAEU0001 (409).JPG,1597680700.0,1641824757.9658208
..\1RAEU0001 (41).JPG,1592932960.0,1641824754.0136285
..\1RAEU0001 (410).JPG,1597680700.0,1641824757.9658208
..\1RAEU0001 (411).JPG,1597680702.0,1641824757.9814417
..\1RAEU0001 (412).JPG,1597680830.0,1641824757.9970639
..\1RAEU0001 (413).JPG,1597680830.0,1641824757.9970639
..\1RAEU0001 (414).JPG,1597680830.0,1641824758.0126848
..\1RAEU0001 (415).JPG,1597680830.0,1641824758.0283053
..\1RAEU0001 (416).JPG,1597680832.0,1641824758.043927
..\1RAEU0001 (417).JPG,1597681026.0,1641824758.0595481
..\1RAEU0001 (418).JPG,1597681028.0,1641824758.075171
..\1RAEU0001 (419).JPG,1597681028.0,1641824758.075171
..\1RAEU0001 (42).JPG,1592932960.0,1641824754.0292857
..\1RAEU0001 (420).JPG,1597681028.0,1641824758.0907915
..\1RAEU0001 (421).JPG,1597681030.0,1641824758.1064126
..\1RAEU0001 (422).JPG,1597681390.0,1641824758.1064126
..\1RAEU0001 (423).JPG,1597681392.0,1641824758.1220334
..\1RAEU0001 (424).JPG,1597681392.0,1641824758.137656
..\1RAEU0001 (425).JPG,1597681392.0,1641824758.137656
..\1RAEU0001 (426).JPG,1597681392.0,1641824758.153277
..\1RAEU0001 (427).JPG,1597681782.0,1641824758.153277
..\1RAEU0001 (428).JPG,1597681782.0,1641824758.1688976
..\1RAEU0001 (429).JPG,1597681782.0,1641824758.1845188
..\1RAEU0001 (43).JPG,1592932962.0,1641824754.0292857
..\1RAEU0001 (430).JPG,1597681782.0,1641824758.1845188
..\1RAEU0001 (431).JPG,1597681784.0,1641824758.2001412
..\1RAEU0001 (432).JPG,1597779770.0,1641824758.2157621
..\1RAEU0001 (433).JPG,1597779770.0,1641824758.2157621
..\1RAEU0001 (434).JPG,1597779770.0,1641824758.231383
..\1RAEU0001 (435).JPG,1597779772.0,1641824758.231383
..\1RAEU0001 (436).JPG,1597779772.0,1641824758.2470045
..\1RAEU0001 (437).JPG,1597804286.0,1641824758.2626257
..\1RAEU0001 (438).JPG,1597804286.0,1641824758.2626257
..\1RAEU0001 (439).JPG,1597804286.0,1641824758.278247
..\1RAEU0001 (44).JPG,1592932962.0,1641824754.044872
..\1RAEU0001 (440).JPG,1597804288.0,1641824758.2938688
..\1RAEU0001 (441).JPG,1597804288.0,1641824758.2938688
..\1RAEU0001 (442).JPG,1597804592.0,1641824758.3094897
..\1RAEU0001 (443).JPG,1597804592.0,1641824758.3094897
..\1RAEU0001 (444).JPG,1597804592.0,1641824758.325111
..\1RAEU0001 (445).JPG,1597804594.0,1641824758.3407326
..\1RAEU0001 (446).JPG,1597804594.0,1641824758.3407326
..\1RAEU0001 (447).JPG,1597804848.0,1641824758.3563538
..\1RAEU0001 (448).JPG,1597804848.0,1641824758.3563538
..\1RAEU0001 (449).JPG,1597804850.0,1641824758.371974
..\1RAEU0001 (45).JPG,1592932962.0,1641824754.0604932
..\1RAEU0001 (450).JPG,1597804850.0,1641824758.371974
..\1RAEU0001 (451).JPG,1597804850.0,1641824758.3875961
..\1RAEU0001 (452).JPG,1597805220.0,1641824758.3875961
..\1RAEU0001 (453).JPG,1597805220.0,1641824758.403218
..\1RAEU0001 (454).JPG,1597805220.0,1641824758.4188385
..\1RAEU0001 (455).JPG,1597805220.0,1641824758.4188385
..\1RAEU0001 (456).JPG,1597805222.0,1641824758.4344604
..\1RAEU0001 (457).JPG,1597805526.0,1641824758.4344604
..\1RAEU0001 (458).JPG,1597805526.0,1641824758.4500813
..\1RAEU0001 (459).JPG,1597805526.0,1641824758.4500813
..\1RAEU0001 (46).JPG,1592936260.0,1641824754.0604932
..\1RAEU0001 (460).JPG,1597805526.0,1641824758.4657068
..\1RAEU0001 (461).JPG,1597805526.0,1641824758.4813235
..\1RAEU0001 (462).JPG,1597805872.0,1641824758.4813235
..\1RAEU0001 (463).JPG,1597805872.0,1641824758.4969456
..\1RAEU0001 (464).JPG,1597805872.0,1641824758.4969456
..\1RAEU0001 (465).JPG,1597805874.0,1641824758.5125673
..\1RAEU0001 (466).JPG,1597805874.0,1641824758.5281882
..\1RAEU0001 (467).JPG,1597846454.0,1641824758.5281882
..\1RAEU0001 (468).JPG,1597846454.0,1641824758.5438094
..\1RAEU0001 (469).JPG,1597846456.0,1641824758.55943
..\1RAEU0001 (47).JPG,1592936262.0,1641824754.0761168
..\1RAEU0001 (470).JPG,1597846456.0,1641824758.5750558
..\1RAEU0001 (471).JPG,1597846456.0,1641824758.5750558
..\1RAEU0001 (472).JPG,1597860052.0,1641824758.5906737
..\1RAEU0001 (473).JPG,1597860054.0,1641824758.606294
..\1RAEU0001 (474).JPG,1597860054.0,1641824758.606294
..\1RAEU0001 (475).JPG,1597860054.0,1641824758.6219158
..\1RAEU0001 (476).JPG,1597860054.0,1641824758.6219158
..\1RAEU0001 (477).JPG,1597925196.0,1641824758.6375365
..\1RAEU0001 (478).JPG,1597925196.0,1641824758.653158
..\1RAEU0001 (479).JPG,1597925196.0,1641824758.653158
..\1RAEU0001 (48).JPG,1592936262.0,1641824754.0761168
..\1RAEU0001 (480).JPG,1597925198.0,1641824758.6687794
..\1RAEU0001 (481).JPG,1597925198.0,1641824758.6844015
..\1RAEU0001 (482).JPG,1597926214.0,1641824758.6844015
..\1RAEU0001 (483).JPG,1597926214.0,1641824758.7000217
..\1RAEU0001 (484).JPG,1597926214.0,1641824758.7156444
..\1RAEU0001 (485).JPG,1597926214.0,1641824758.7156444
..\1RAEU0001 (486).JPG,1597926216.0,1641824758.7312648
..\1RAEU0001 (487).JPG,1598021524.0,1641824758.7468872
..\1RAEU0001 (488).JPG,1598021524.0,1641824758.7468872
..\1RAEU0001 (489).JPG,1598021524.0,1641824758.7625082
..\1RAEU0001 (49).JPG,1592936262.0,1641824754.0917356
..\1RAEU0001 (490).JPG,1598021526.0,1641824758.7625082
..\1RAEU0001 (491).JPG,1598021526.0,1641824753.5449898
..\1RAEU0001 (5).JPG,1592838578.0,1641824753.591971
..\1RAEU0001 (50).JPG,1592936262.0,1641824754.0917356
..\1RAEU0001 (51).JPG,1592936384.0,1641824754.1075766
..\1RAEU0001 (52).JPG,1592936384.0,1641824754.1229784
..\1RAEU0001 (53).JPG,1592936384.0,1641824754.1229784
..\1RAEU0001 (54).JPG,1592936384.0,1641824754.1385996
..\1RAEU0001 (55).JPG,1592936384.0,1641824754.1385996
..\1RAEU0001 (56).JPG,1592936570.0,1641824754.1542213
..\1RAEU0001 (57).JPG,1592936570.0,1641824754.169843
..\1RAEU0001 (58).JPG,1592936570.0,1641824754.169843
..\1RAEU0001 (59).JPG,1592936572.0,1641824754.1854873
..\1RAEU0001 (6).JPG,1592843648.0,1641824753.6074753
..\1RAEU0001 (60).JPG,1592936572.0,1641824754.2011118
..\1RAEU0001 (61).JPG,1592936896.0,1641824754.2167063
..\1RAEU0001 (62).JPG,1592936898.0,1641824754.2167063
..\1RAEU0001 (63).JPG,1592936898.0,1641824754.2323275
..\1RAEU0001 (64).JPG,1592936898.0,1641824754.2479491
..\1RAEU0001 (65).JPG,1592936898.0,1641824754.2635708
..\1RAEU0001 (66).JPG,1592968124.0,1641824754.2635708
..\1RAEU0001 (67).JPG,1592968124.0,1641824754.2792737
..\1RAEU0001 (68).JPG,1592968126.0,1641824754.294818
..\1RAEU0001 (69).JPG,1592968126.0,1641824754.3104372
..\1RAEU0001 (7).JPG,1592843648.0,1641824753.6230965
..\1RAEU0001 (70).JPG,1592968126.0,1641824754.3260555
..\1RAEU0001 (71).JPG,1592973512.0,1641824754.3260555
..\1RAEU0001 (72).JPG,1592973512.0,1641824754.3416762
..\1RAEU0001 (73).JPG,1592973512.0,1641824754.3572974
..\1RAEU0001 (74).JPG,1592973514.0,1641824754.3572974
..\1RAEU0001 (75).JPG,1592973514.0,1641824754.3729196
..\1RAEU0001 (76).JPG,1593013976.0,1641824754.3885405
..\1RAEU0001 (77).JPG,1593013976.0,1641824754.4041622
..\1RAEU0001 (78).JPG,1593013976.0,1641824754.4041622
..\1RAEU0001 (79).JPG,1593013978.0,1641824754.4354074
..\1RAEU0001 (8).JPG,1592843650.0,1641824753.6387184
..\1RAEU0001 (80).JPG,1593013978.0,1641824754.4510267
..\1RAEU0001 (81).JPG,1593014942.0,1641824754.4666486
..\1RAEU0001 (82).JPG,1593014942.0,1641824754.4666486
..\1RAEU0001 (83).JPG,1593014944.0,1641824754.4822683
..\1RAEU0001 (84).JPG,1593014944.0,1641824754.49789
..\1RAEU0001 (85).JPG,1593014944.0,1641824754.49789
..\1RAEU0001 (86).JPG,1593015064.0,1641824754.5135107
..\1RAEU0001 (87).JPG,1593015064.0,1641824754.5291326
..\1RAEU0001 (88).JPG,1593015064.0,1641824754.5291326
..\1RAEU0001 (89).JPG,1593015066.0,1641824754.5447533
..\1RAEU0001 (9).JPG,1592843650.0,1641824753.6387184
..\1RAEU0001 (90).JPG,1593015066.0,1641824754.5603766
..\1RAEU0001 (91).JPG,1593015280.0,1641824754.5603766
..\1RAEU0001 (92).JPG,1593015280.0,1641824754.575997
..\1RAEU0001 (93).JPG,1593015280.0,1641824754.5916173
..\1RAEU0001 (94).JPG,1593015282.0,1641824754.607241
..\1RAEU0001 (95).JPG,1593015282.0,1641824754.607241
..\1RAEU0001 (96).JPG,1593030176.0,1641824754.6228602
..\1RAEU0001 (97).JPG,1593030176.0,1641824754.638482
..\1RAEU0001 (98).JPG,1593030178.0,1641824754.638482
..\1RAEU0001 (99).JPG,1593030178.0,1641824754.654103
..\2RAEU0001 (1).JPG,1598378646.0,1641824799.8934233
..\2RAEU0001 (10).JPG,1598457008.0,1641824800.284183
..\2RAEU0001 (100).JPG,1599464858.0,1641824801.471169
..\2RAEU0001 (101).JPG,1599464992.0,1641824801.471169
..\2RAEU0001 (102).JPG,1599464992.0,1641824801.4867897
..\2RAEU0001 (103).JPG,1599464992.0,1641824801.5024111
..\2RAEU0001 (104).JPG,1599464994.0,1641824801.5024111
..\2RAEU0001 (105).JPG,1599464994.0,1641824801.5180347
..\2RAEU0001 (106).JPG,1599465340.0,1641824801.5336542
..\2RAEU0001 (107).JPG,1599465342.0,1641824801.5492754
..\2RAEU0001 (108).JPG,1599465342.0,1641824801.5648978
..\2RAEU0001 (109).JPG,1599465344.0,1641824801.5805185
..\2RAEU0001 (11).JPG,1598457166.0,1641824800.3308127
..\2RAEU0001 (110).JPG,1599498514.0,1641824801.5805185
..\2RAEU0001 (111).JPG,1599498514.0,1641824801.5961394
..\2RAEU0001 (112).JPG,1599498514.0,1641824801.611761
..\2RAEU0001 (113).JPG,1599498514.0,1641824801.611761
..\2RAEU0001 (114).JPG,1599498514.0,1641824801.627382
..\2RAEU0001 (115).JPG,1599907146.0,1641824801.627382
..\2RAEU0001 (116).JPG,1599907146.0,1641824801.6430032
..\2RAEU0001 (117).JPG,1599907148.0,1641824801.6430032
..\2RAEU0001 (118).JPG,1599907148.0,1641824801.6586287
..\2RAEU0001 (119).JPG,1599907148.0,1641824801.6742473
..\2RAEU0001 (12).JPG,1598457168.0,1641824800.377845
..\2RAEU0001 (120).JPG,1600172938.0,1641824801.6898687
..\2RAEU0001 (121).JPG,1600172938.0,1641824801.6898687
..\2RAEU0001 (122).JPG,1600172940.0,1641824801.7054896
..\2RAEU0001 (123).JPG,1600172940.0,1641824801.7211113
..\2RAEU0001 (124).JPG,1600172940.0,1641824801.7211113
..\2RAEU0001 (125).JPG,1600185496.0,1641824801.7367315
..\2RAEU0001 (126).JPG,1600185496.0,1641824801.752354
..\2RAEU0001 (127).JPG,1600185496.0,1641824801.752354
..\2RAEU0001 (128).JPG,1600185496.0,1641824801.767975
..\2RAEU0001 (129).JPG,1600185498.0,1641824801.767975
..\2RAEU0001 (13).JPG,1598457168.0,1641824800.409151
..\2RAEU0001 (130).JPG,1600272432.0,1641824801.7835958
..\2RAEU0001 (131).JPG,1600272432.0,1641824801.7835958
..\2RAEU0001 (132).JPG,1600272434.0,1641824801.7992165
..\2RAEU0001 (133).JPG,1600272434.0,1641824801.814838
..\2RAEU0001 (134).JPG,1600272434.0,1641824801.814838
..\2RAEU0001 (135).JPG,1600272606.0,1641824801.8304594
..\2RAEU0001 (136).JPG,1600272606.0,1641824801.8304594
..\2RAEU0001 (137).JPG,1600272606.0,1641824801.8460817
..\2RAEU0001 (138).JPG,1600272608.0,1641824801.8460817
..\2RAEU0001 (139).JPG,1600272608.0,1641824801.861701
..\2RAEU0001 (14).JPG,1598457168.0,1641824800.4558158
..\2RAEU0001 (140).JPG,1600351726.0,1641824801.861701
..\2RAEU0001 (141).JPG,1600351726.0,1641824801.8929462
..\2RAEU0001 (142).JPG,1600351726.0,1641824801.8929462
..\2RAEU0001 (143).JPG,1600351728.0,1641824801.908565
..\2RAEU0001 (144).JPG,1600351728.0,1641824801.9241862
..\2RAEU0001 (145).JPG,1600351860.0,1641824801.9241862
..\2RAEU0001 (146).JPG,1600351860.0,1641824801.939809
..\2RAEU0001 (147).JPG,1600351860.0,1641824801.9554293
..\2RAEU0001 (148).JPG,1600351862.0,1641824801.9710512
..\2RAEU0001 (149).JPG,1600351862.0,1641824801.9710512
..\2RAEU0001 (15).JPG,1598457168.0,1641824800.502652
..\2RAEU0001 (150).JPG,1600352246.0,1641824801.9866712
..\2RAEU0001 (151).JPG,1600352248.0,1641824802.002294
..\2RAEU0001 (152).JPG,1600352248.0,1641824802.002294
..\2RAEU0001 (153).JPG,1600352248.0,1641824802.0179145
..\2RAEU0001 (154).JPG,1600352250.0,1641824802.0335352
..\2RAEU0001 (155).JPG,1600352396.0,1641824802.0491579
..\2RAEU0001 (156).JPG,1600352396.0,1641824802.0491579
..\2RAEU0001 (157).JPG,1600352398.0,1641824802.064779
..\2RAEU0001 (158).JPG,1600352398.0,1641824802.0804002
..\2RAEU0001 (159).JPG,1600352398.0,1641824802.0804002
..\2RAEU0001 (16).JPG,1598586320.0,1641824800.533891
..\2RAEU0001 (160).JPG,1600352564.0,1641824802.0960264
..\2RAEU0001 (161).JPG,1600352564.0,1641824802.1116424
..\2RAEU0001 (162).JPG,1600352566.0,1641824802.1116424
..\2RAEU0001 (163).JPG,1600352566.0,1641824802.1272657
..\2RAEU0001 (164).JPG,1600352566.0,1641824802.1428845
..\2RAEU0001 (165).JPG,1600373820.0,1641824802.1428845
..\2RAEU0001 (166).JPG,1600373822.0,1641824802.1585062
..\2RAEU0001 (167).JPG,1600373822.0,1641824802.174129
..\2RAEU0001 (168).JPG,1600373822.0,1641824802.174129
..\2RAEU0001 (169).JPG,1600373822.0,1641824802.1897492
..\2RAEU0001 (17).JPG,1598586320.0,1641824800.533891
..\2RAEU0001 (170).JPG,1600411338.0,1641824802.1897492
..\2RAEU0001 (171).JPG,1600411338.0,1641824802.205371
..\2RAEU0001 (172).JPG,1600411340.0,1641824802.2209911
..\2RAEU0001 (173).JPG,1600411340.0,1641824802.2209911
..\2RAEU0001 (174).JPG,1600411340.0,1641824802.236612
..\2RAEU0001 (175).JPG,1600411604.0,1641824802.2522347
..\2RAEU0001 (176).JPG,1600411604.0,1641824802.2522347
..\2RAEU0001 (177).JPG,1600411604.0,1641824802.2678552
..\2RAEU0001 (178).JPG,1600411606.0,1641824802.2678552
..\2RAEU0001 (179).JPG,1600411606.0,1641824802.2834773
..\2RAEU0001 (18).JPG,1598586320.0,1641824800.549513
..\2RAEU0001 (180).JPG,1600411814.0,1641824802.299098
..\2RAEU0001 (181).JPG,1600411814.0,1641824802.299098
..\2RAEU0001 (182).JPG,1600411814.0,1641824802.3147194
..\2RAEU0001 (183).JPG,1600411816.0,1641824802.3303418
..\2RAEU0001 (184).JPG,1600412410.0,1641824802.3303418
..\2RAEU0001 (185).JPG,1600412412.0,1641824802.3459618
..\2RAEU0001 (186).JPG,1600412412.0,1641824802.361583
..\2RAEU0001 (187).JPG,1600412412.0,1641824802.3772087
..\2RAEU0001 (188).JPG,1600412412.0,1641824802.3772087
..\2RAEU0001 (189).JPG,1600412540.0,1641824802.3928256
..\2RAEU0001 (19).JPG,1598586322.0,1641824800.549513
..\2RAEU0001 (190).JPG,1600412540.0,1641824802.3928256
..\2RAEU0001 (191).JPG,1600412542.0,1641824802.4084473
..\2RAEU0001 (192).JPG,1600412542.0,1641824802.4240682
..\2RAEU0001 (193).JPG,1600412542.0,1641824802.4240682
..\2RAEU0001 (194).JPG,1600412686.0,1641824802.439691
..\2RAEU0001 (195).JPG,1600412686.0,1641824802.455311
..\2RAEU0001 (196).JPG,1600412688.0,1641824802.455311
..\2RAEU0001 (197).JPG,1600412688.0,1641824802.4709322
..\2RAEU0001 (198).JPG,1600412688.0,1641824802.4865544
..\2RAEU0001 (199).JPG,1600426194.0,1641824802.4865544
..\2RAEU0001 (2).JPG,1598378646.0,1641824799.9402869
..\2RAEU0001 (20).JPG,1598586322.0,1641824800.5651338
..\2RAEU0001 (200).JPG,1600426196.0,1641824802.5021758
..\2RAEU0001 (201).JPG,1600426196.0,1641824802.517804
..\2RAEU0001 (202).JPG,1600426196.0,1641824802.533419
..\2RAEU0001 (203).JPG,1600426198.0,1641824802.533419
..\2RAEU0001 (204).JPG,1600426724.0,1641824802.5490386
..\2RAEU0001 (205).JPG,1600426726.0,1641824802.5646627
..\2RAEU0001 (206).JPG,1600426726.0,1641824802.5646627
..\2RAEU0001 (207).JPG,1600426728.0,1641824802.6271453
..\2RAEU0001 (208).JPG,1600426728.0,1641824802.67401
..\2RAEU0001 (209).JPG,1600470404.0,1641824802.705253
..\2RAEU0001 (21).JPG,1598859086.0,1641824800.5651338
..\2RAEU0001 (210).JPG,1600470404.0,1641824802.7364955
..\2RAEU0001 (211).JPG,1600470404.0,1641824802.7521164
..\2RAEU0001 (212).JPG,1600470404.0,1641824802.7677374
..\2RAEU0001 (213).JPG,1600470404.0,1641824802.7677374
..\2RAEU0001 (214).JPG,1600592548.0,1641824802.7833579
..\2RAEU0001 (215).JPG,1600592548.0,1641824802.7833579
..\2RAEU0001 (216).JPG,1600592548.0,1641824802.7989793
..\2RAEU0001 (217).JPG,1600592550.0,1641824802.7989793
..\2RAEU0001 (218).JPG,1600592550.0,1641824802.8146014
..\2RAEU0001 (219).JPG,1600920782.0,1641824802.8146014
..\2RAEU0001 (22).JPG,1598859086.0,1641824800.5807538
..\2RAEU0001 (220).JPG,1600920782.0,1641824802.830223
..\2RAEU0001 (221).JPG,1600920784.0,1641824802.830223
..\2RAEU0001 (222).JPG,1600920784.0,1641824802.830223
..\2RAEU0001 (223).JPG,1600920784.0,1641824802.8458438
..\2RAEU0001 (224).JPG,1600935026.0,1641824802.8458438
..\2RAEU0001 (225).JPG,1600935028.0,1641824802.8614655
..\2RAEU0001 (226).JPG,1600935028.0,1641824802.8770869
..\2RAEU0001 (227).JPG,1600935028.0,1641824802.8770869
..\2RAEU0001 (228).JPG,1600935372.0,1641824802.8927076
..\2RAEU0001 (229).JPG,1600935372.0,1641824802.8927076
..\2RAEU0001 (23).JPG,1598859086.0,1641824800.5964096
..\2RAEU0001 (230).JPG,1600935374.0,1641824802.9083292
..\2RAEU0001 (231).JPG,1600935374.0,1641824802.923951
..\2RAEU0001 (232).JPG,1600935374.0,1641824802.923951
..\2RAEU0001 (233).JPG,1601060436.0,1641824802.93958
..\2RAEU0001 (234).JPG,1601060436.0,1641824802.93958
..\2RAEU0001 (235).JPG,1601060436.0,1641824802.955193
..\2RAEU0001 (236).JPG,1601060436.0,1641824802.955193
..\2RAEU0001 (237).JPG,1601060436.0,1641824802.970814
..\2RAEU0001 (238).JPG,1601114654.0,1641824802.970814
..\2RAEU0001 (239).JPG,1601114654.0,1641824802.986436
..\2RAEU0001 (24).JPG,1598859086.0,1641824800.5964096
..\2RAEU0001 (240).JPG,1601114656.0,1641824803.002057
..\2RAEU0001 (241).JPG,1601114656.0,1641824803.002057
..\2RAEU0001 (242).JPG,1601114656.0,1641824803.017678
..\2RAEU0001 (243).JPG,1601134788.0,1641824803.0332992
..\2RAEU0001 (244).JPG,1601134788.0,1641824803.0489235
..\2RAEU0001 (245).JPG,1601134790.0,1641824803.0489235
..\2RAEU0001 (246).JPG,1601134790.0,1641824803.064543
..\2RAEU0001 (247).JPG,1601134790.0,1641824803.064543
..\2RAEU0001 (248).JPG,1601134950.0,1641824803.080163
..\2RAEU0001 (249).JPG,1601134950.0,1641824803.080163
..\2RAEU0001 (25).JPG,1598859088.0,1641824800.6120615
..\2RAEU0001 (250).JPG,1601134950.0,1641824803.095785
..\2RAEU0001 (251).JPG,1601134952.0,1641824803.095785
..\2RAEU0001 (252).JPG,1601134952.0,1641824799.8621738
..\2RAEU0001 (26).JPG,1599017346.0,1641824800.6120615
..\2RAEU0001 (27).JPG,1599017346.0,1641824800.6276226
..\2RAEU0001 (28).JPG,1599017346.0,1641824800.6276226
..\2RAEU0001 (29).JPG,1599017346.0,1641824800.6276226
..\2RAEU0001 (3).JPG,1598378646.0,1641824799.9715254
..\2RAEU0001 (30).JPG,1599017346.0,1641824800.643245
..\2RAEU0001 (31).JPG,1599017470.0,1641824800.643245
..\2RAEU0001 (32).JPG,1599017470.0,1641824800.658861
..\2RAEU0001 (33).JPG,1599017470.0,1641824800.658861
..\2RAEU0001 (34).JPG,1599017470.0,1641824800.6745012
..\2RAEU0001 (35).JPG,1599017470.0,1641824800.6745012
..\2RAEU0001 (36).JPG,1599060500.0,1641824800.6901028
..\2RAEU0001 (37).JPG,1599060502.0,1641824800.6901028
..\2RAEU0001 (38).JPG,1599060502.0,1641824800.705938
..\2RAEU0001 (39).JPG,1599060502.0,1641824800.7213464
..\2RAEU0001 (4).JPG,1598378646.0,1641824800.002912
..\2RAEU0001 (40).JPG,1599060504.0,1641824800.7213464
..\2RAEU0001 (41).JPG,1599123752.0,1641824800.7369666
..\2RAEU0001 (42).JPG,1599123752.0,1641824800.7525895
..\2RAEU0001 (43).JPG,1599123754.0,1641824800.7682092
..\2RAEU0001 (44).JPG,1599123754.0,1641824800.7682092
..\2RAEU0001 (45).JPG,1599123754.0,1641824800.7838306
..\2RAEU0001 (46).JPG,1599123888.0,1641824800.7994523
..\2RAEU0001 (47).JPG,1599123890.0,1641824800.8150735
..\2RAEU0001 (48).JPG,1599123890.0,1641824800.8306956
..\2RAEU0001 (49).JPG,1599123890.0,1641824800.8306956
..\2RAEU0001 (5).JPG,1598378648.0,1641824800.0496323
..\2RAEU0001 (50).JPG,1599123892.0,1641824800.846318
..\2RAEU0001 (51).JPG,1599124010.0,1641824800.861937
..\2RAEU0001 (52).JPG,1599124012.0,1641824800.8775601
..\2RAEU0001 (53).JPG,1599124012.0,1641824800.8931825
..\2RAEU0001 (54).JPG,1599124012.0,1641824800.8931825
..\2RAEU0001 (55).JPG,1599124014.0,1641824800.9088025
..\2RAEU0001 (56).JPG,1599124148.0,1641824800.9244246
..\2RAEU0001 (57).JPG,1599124148.0,1641824800.9400442
..\2RAEU0001 (58).JPG,1599124148.0,1641824800.9556658
..\2RAEU0001 (59).JPG,1599124150.0,1641824800.9556658
..\2RAEU0001 (6).JPG,1598457006.0,1641824800.0964985
..\2RAEU0001 (60).JPG,1599124150.0,1641824800.9712868
..\2RAEU0001 (61).JPG,1599124528.0,1641824800.9712868
..\2RAEU0001 (62).JPG,1599124528.0,1641824800.9869084
..\2RAEU0001 (63).JPG,1599124530.0,1641824801.0025294
..\2RAEU0001 (64).JPG,1599124530.0,1641824801.0025294
..\2RAEU0001 (65).JPG,1599124530.0,1641824801.01815
..\2RAEU0001 (66).JPG,1599124674.0,1641824801.0337718
..\2RAEU0001 (67).JPG,1599124676.0,1641824801.0493941
..\2RAEU0001 (68).JPG,1599124676.0,1641824801.0493941
..\2RAEU0001 (69).JPG,1599124676.0,1641824801.0650144
..\2RAEU0001 (7).JPG,1598457008.0,1641824800.1434813
..\2RAEU0001 (70).JPG,1599124676.0,1641824801.0806375
..\2RAEU0001 (71).JPG,1599124800.0,1641824801.0806375
..\2RAEU0001 (72).JPG,1599124802.0,1641824801.0962572
..\2RAEU0001 (73).JPG,1599124802.0,1641824801.1118793
..\2RAEU0001 (74).JPG,1599124802.0,1641824801.1118793
..\2RAEU0001 (75).JPG,1599124804.0,1641824801.1275003
..\2RAEU0001 (76).JPG,1599125004.0,1641824801.1431208
..\2RAEU0001 (77).JPG,1599125004.0,1641824801.1431208
..\2RAEU0001 (78).JPG,1599125006.0,1641824801.158743
..\2RAEU0001 (79).JPG,1599125006.0,1641824801.1743658
..\2RAEU0001 (8).JPG,1598457008.0,1641824800.1904137
..\2RAEU0001 (80).JPG,1599125006.0,1641824801.1743658
..\2RAEU0001 (81).JPG,1599125240.0,1641824801.1899853
..\2RAEU0001 (82).JPG,1599125240.0,1641824801.205606
..\2RAEU0001 (83).JPG,1599125240.0,1641824801.23685
..\2RAEU0001 (84).JPG,1599125242.0,1641824801.2680907
..\2RAEU0001 (85).JPG,1599125242.0,1641824801.2837133
..\2RAEU0001 (86).JPG,1599147138.0,1641824801.3149555
..\2RAEU0001 (87).JPG,1599147138.0,1641824801.3149555
..\2RAEU0001 (88).JPG,1599147140.0,1641824801.3305771
..\2RAEU0001 (89).JPG,1599147140.0,1641824801.346198
..\2RAEU0001 (9).JPG,1598457008.0,1641824800.2370844
..\2RAEU0001 (90).JPG,1599147140.0,1641824801.346198
..\2RAEU0001 (91).JPG,1599316590.0,1641824801.3618195
..\2RAEU0001 (92).JPG,1599316590.0,1641824801.3774414
..\2RAEU0001 (93).JPG,1599316592.0,1641824801.3930624
..\2RAEU0001 (94).JPG,1599316592.0,1641824801.3930624
..\2RAEU0001 (95).JPG,1599316592.0,1641824801.4086828
..\2RAEU0001 (96).JPG,1599464856.0,1641824801.4243047
..\2RAEU0001 (97).JPG,1599464856.0,1641824801.4243047
..\2RAEU0001 (98).JPG,1599464856.0,1641824801.439926
..\2RAEU0001 (99).JPG,1599464858.0,1641824801.4555466
..\3RAEU0001 (1).JPG,1601290166.0,1641824846.007558
..\3RAEU0001 (10).JPG,1601300392.0,1641824846.1168718
..\3RAEU0001 (100).JPG,1602446074.0,1641824846.9761992
..\3RAEU0001 (101).JPG,1602446074.0,1641824846.9761992
..\3RAEU0001 (102).JPG,1602503588.0,1641824846.991673
..\3RAEU0001 (103).JPG,1602503588.0,1641824846.991673
..\3RAEU0001 (104).JPG,1602503588.0,1641824847.0072875
..\3RAEU0001 (105).JPG,1602503588.0,1641824847.0072875
..\3RAEU0001 (106).JPG,1602503590.0,1641824847.022909
..\3RAEU0001 (107).JPG,1602504626.0,1641824847.022909
..\3RAEU0001 (108).JPG,1602504626.0,1641824847.03853
..\3RAEU0001 (109).JPG,1602504626.0,1641824847.03853
..\3RAEU0001 (11).JPG,1601300844.0,1641824846.1168718
..\3RAEU0001 (110).JPG,1602504626.0,1641824847.0541523
..\3RAEU0001 (111).JPG,1602504626.0,1641824847.0541523
..\3RAEU0001 (112).JPG,1602504818.0,1641824847.0697987
..\3RAEU0001 (113).JPG,1602504818.0,1641824847.0697987
..\3RAEU0001 (114).JPG,1602504818.0,1641824847.0697987
..\3RAEU0001 (115).JPG,1602504818.0,1641824847.0853934
..\3RAEU0001 (116).JPG,1602504818.0,1641824847.0853934
..\3RAEU0001 (117).JPG,1602506186.0,1641824847.1010149
..\3RAEU0001 (118).JPG,1602506186.0,1641824847.1010149
..\3RAEU0001 (119).JPG,1602506188.0,1641824847.116639
..\3RAEU0001 (12).JPG,1601300844.0,1641824846.1324942
..\3RAEU0001 (120).JPG,1602506188.0,1641824847.116639
..\3RAEU0001 (121).JPG,1602506188.0,1641824847.1322608
..\3RAEU0001 (122).JPG,1602511236.0,1641824847.1322608
..\3RAEU0001 (123).JPG,1602511236.0,1641824847.1322608
..\3RAEU0001 (124).JPG,1602511238.0,1641824847.1478786
..\3RAEU0001 (125).JPG,1602511238.0,1641824847.1478786
..\3RAEU0001 (126).JPG,1602511238.0,1641824847.1635005
..\3RAEU0001 (127).JPG,1602570142.0,1641824847.1635005
..\3RAEU0001 (128).JPG,1602570142.0,1641824847.1635005
..\3RAEU0001 (129).JPG,1602570144.0,1641824847.1791222
..\3RAEU0001 (13).JPG,1601300844.0,1641824846.1481192
..\3RAEU0001 (130).JPG,1602570144.0,1641824847.1791222
..\3RAEU0001 (131).JPG,1602570144.0,1641824847.1947432
..\3RAEU0001 (132).JPG,1602823868.0,1641824847.1947432
..\3RAEU0001 (133).JPG,1602823868.0,1641824847.210366
..\3RAEU0001 (134).JPG,1602823870.0,1641824847.210366
..\3RAEU0001 (135).JPG,1602823870.0,1641824847.225985
..\3RAEU0001 (136).JPG,1602823870.0,1641824847.225985
..\3RAEU0001 (137).JPG,1602873012.0,1641824847.241606
..\3RAEU0001 (138).JPG,1602873012.0,1641824847.241606
..\3RAEU0001 (139).JPG,1602873012.0,1641824847.2572284
..\3RAEU0001 (14).JPG,1601300844.0,1641824846.1637373
..\3RAEU0001 (140).JPG,1602873014.0,1641824847.2728512
..\3RAEU0001 (141).JPG,1602873014.0,1641824847.2728512
..\3RAEU0001 (142).JPG,1602873156.0,1641824847.2884717
..\3RAEU0001 (143).JPG,1602873156.0,1641824847.2884717
..\3RAEU0001 (144).JPG,1602873158.0,1641824847.3040912
..\3RAEU0001 (145).JPG,1602873158.0,1641824847.3197136
..\3RAEU0001 (146).JPG,1602873158.0,1641824847.3197136
..\3RAEU0001 (147).JPG,1603188330.0,1641824847.3197136
..\3RAEU0001 (148).JPG,1603188330.0,1641824847.3353343
..\3RAEU0001 (149).JPG,1603188330.0,1641824847.350956
..\3RAEU0001 (15).JPG,1601300846.0,1641824846.1793573
..\3RAEU0001 (150).JPG,1603188332.0,1641824847.3665788
..\3RAEU0001 (151).JPG,1603188332.0,1641824847.3665788
..\3RAEU0001 (152).JPG,1603379326.0,1641824847.3822
..\3RAEU0001 (153).JPG,1603379326.0,1641824847.3978188
..\3RAEU0001 (154).JPG,1603379326.0,1641824847.3978188
..\3RAEU0001 (155).JPG,1603379326.0,1641824847.4134426
..\3RAEU0001 (156).JPG,1603379326.0,1641824847.4134426
..\3RAEU0001 (157).JPG,1603545472.0,1641824846.007558
..\3RAEU0001 (16).JPG,1601301588.0,1641824846.1793573
..\3RAEU0001 (17).JPG,1601301588.0,1641824846.2106
..\3RAEU0001 (18).JPG,1601301590.0,1641824846.226221
..\3RAEU0001 (19).JPG,1601301590.0,1641824846.226221
..\3RAEU0001 (2).JPG,1601290166.0,1641824846.023145
..\3RAEU0001 (20).JPG,1601301590.0,1641824846.241842
..\3RAEU0001 (21).JPG,1601340636.0,1641824846.2574635
..\3RAEU0001 (22).JPG,1601340636.0,1641824846.2730868
..\3RAEU0001 (23).JPG,1601340636.0,1641824846.2730868
..\3RAEU0001 (24).JPG,1601340636.0,1641824846.2887077
..\3RAEU0001 (25).JPG,1601340636.0,1641824846.2887077
..\3RAEU0001 (26).JPG,1601341068.0,1641824846.3043282
..\3RAEU0001 (27).JPG,1601341070.0,1641824846.3043282
..\3RAEU0001 (28).JPG,1601341070.0,1641824846.3199494
..\3RAEU0001 (29).JPG,1601341070.0,1641824846.3199494
..\3RAEU0001 (3).JPG,1601290166.0,1641824846.0387647
..\3RAEU0001 (30).JPG,1601341070.0,1641824846.3355706
..\3RAEU0001 (31).JPG,1601343488.0,1641824846.3511925
..\3RAEU0001 (32).JPG,1601343490.0,1641824846.3511925
..\3RAEU0001 (33).JPG,1601343490.0,1641824846.3668132
..\3RAEU0001 (34).JPG,1601343490.0,1641824846.3668132
..\3RAEU0001 (35).JPG,1601343490.0,1641824846.3824337
..\3RAEU0001 (36).JPG,1601344548.0,1641824846.3824337
..\3RAEU0001 (37).JPG,1601344548.0,1641824846.3980644
..\3RAEU0001 (38).JPG,1601344548.0,1641824846.413678
..\3RAEU0001 (39).JPG,1601344550.0,1641824846.413678
..\3RAEU0001 (4).JPG,1601290168.0,1641824846.054388
..\3RAEU0001 (40).JPG,1601344550.0,1641824846.4292984
..\3RAEU0001 (41).JPG,1601344968.0,1641824846.4292984
..\3RAEU0001 (42).JPG,1601344968.0,1641824846.4449215
..\3RAEU0001 (43).JPG,1601344968.0,1641824846.4449215
..\3RAEU0001 (44).JPG,1601344970.0,1641824846.4605403
..\3RAEU0001 (45).JPG,1601344970.0,1641824846.476163
..\3RAEU0001 (46).JPG,1601346400.0,1641824846.476163
..\3RAEU0001 (47).JPG,1601346400.0,1641824846.491783
..\3RAEU0001 (48).JPG,1601346400.0,1641824846.491783
..\3RAEU0001 (49).JPG,1601346402.0,1641824846.507555
..\3RAEU0001 (5).JPG,1601290168.0,1641824846.054388
..\3RAEU0001 (50).JPG,1601346402.0,1641824846.523029
..\3RAEU0001 (51).JPG,1601439892.0,1641824846.523029
..\3RAEU0001 (52).JPG,1601439892.0,1641824846.5386484
..\3RAEU0001 (53).JPG,1601439892.0,1641824846.5386484
..\3RAEU0001 (54).JPG,1601439892.0,1641824846.5544236
..\3RAEU0001 (55).JPG,1601439894.0,1641824846.5699022
..\3RAEU0001 (56).JPG,1601480212.0,1641824846.5699022
..\3RAEU0001 (57).JPG,1601480212.0,1641824846.5855122
..\3RAEU0001 (58).JPG,1601480212.0,1641824846.601135
..\3RAEU0001 (59).JPG,1601480214.0,1641824846.601135
..\3RAEU0001 (6).JPG,1601300390.0,1641824846.0700085
..\3RAEU0001 (60).JPG,1601480214.0,1641824846.6167543
..\3RAEU0001 (61).JPG,1601529904.0,1641824846.6167543
..\3RAEU0001 (62).JPG,1601529906.0,1641824846.632375
..\3RAEU0001 (63).JPG,1601529906.0,1641824846.632375
..\3RAEU0001 (64).JPG,1601529906.0,1641824846.648183
..\3RAEU0001 (65).JPG,1601529906.0,1641824846.648183
..\3RAEU0001 (66).JPG,1601657146.0,1641824846.6636178
..\3RAEU0001 (67).JPG,1601657146.0,1641824846.6636178
..\3RAEU0001 (68).JPG,1601657148.0,1641824846.6792438
..\3RAEU0001 (69).JPG,1601657148.0,1641824846.6948602
..\3RAEU0001 (7).JPG,1601300390.0,1641824846.0856302
..\3RAEU0001 (70).JPG,1601657148.0,1641824846.6948602
..\3RAEU0001 (71).JPG,1601657472.0,1641824846.7104821
..\3RAEU0001 (72).JPG,1601657472.0,1641824846.7104821
..\3RAEU0001 (73).JPG,1601657472.0,1641824846.7261035
..\3RAEU0001 (74).JPG,1601657472.0,1641824846.7261035
..\3RAEU0001 (75).JPG,1601657472.0,1641824846.7417238
..\3RAEU0001 (76).JPG,1601657628.0,1641824846.7417238
..\3RAEU0001 (77).JPG,1601657628.0,1641824846.7574797
..\3RAEU0001 (78).JPG,1601657628.0,1641824846.7574797
..\3RAEU0001 (79).JPG,1601657628.0,1641824846.7729676
..\3RAEU0001 (8).JPG,1601300392.0,1641824846.0856302
..\3RAEU0001 (80).JPG,1601657630.0,1641824846.7885892
..\3RAEU0001 (81).JPG,1601748912.0,1641824846.7885892
..\3RAEU0001 (82).JPG,1602084320.0,1641824846.8042104
..\3RAEU0001 (83).JPG,1602084320.0,1641824846.8042104
..\3RAEU0001 (84).JPG,1602084320.0,1641824846.8198307
..\3RAEU0001 (85).JPG,1602084320.0,1641824846.8198307
..\3RAEU0001 (86).JPG,1602084322.0,1641824846.835605
..\3RAEU0001 (87).JPG,1602426058.0,1641824846.8510745
..\3RAEU0001 (88).JPG,1602426060.0,1641824846.8510745
..\3RAEU0001 (89).JPG,1602426060.0,1641824846.8666954
..\3RAEU0001 (9).JPG,1601300392.0,1641824846.1012502
..\3RAEU0001 (90).JPG,1602426060.0,1641824846.8823166
..\3RAEU0001 (91).JPG,1602426062.0,1641824846.897937
..\3RAEU0001 (92).JPG,1602428882.0,1641824846.9135635
..\3RAEU0001 (93).JPG,1602428882.0,1641824846.9135635
..\3RAEU0001 (94).JPG,1602428882.0,1641824846.92918
..\3RAEU0001 (95).JPG,1602428882.0,1641824846.92918
..\3RAEU0001 (96).JPG,1602428884.0,1641824846.9448032
..\3RAEU0001 (97).JPG,1602446074.0,1641824846.9448032
..\3RAEU0001 (98).JPG,1602446074.0,1641824846.9604228
..\3RAEU0001 (99).JPG,1602446074.0,1641824846.9604228
..\4RAEU0001 (1).JPG,1603855582.0,1641824891.512399
..\4RAEU0001 (10).JPG,1603856826.0,1641824891.5905054
..\4RAEU0001 (11).JPG,1603901530.0,1641824891.5905054
..\4RAEU0001 (12).JPG,1603901530.0,1641824891.6061273
..\4RAEU0001 (13).JPG,1603901530.0,1641824891.621749
..\4RAEU0001 (14).JPG,1603901530.0,1641824891.621749
..\4RAEU0001 (15).JPG,1603901532.0,1641824891.6373696
..\4RAEU0001 (16).JPG,1603901804.0,1641824891.6373696
..\4RAEU0001 (17).JPG,1603901804.0,1641824891.6530263
..\4RAEU0001 (18).JPG,1603901804.0,1641824891.6686122
..\4RAEU0001 (19).JPG,1603901804.0,1641824891.6686122
..\4RAEU0001 (2).JPG,1603855582.0,1641824891.512399
..\4RAEU0001 (20).JPG,1603901806.0,1641824891.684233
..\4RAEU0001 (21).JPG,1603902838.0,1641824891.6998565
..\4RAEU0001 (22).JPG,1603902838.0,1641824891.6998565
..\4RAEU0001 (23).JPG,1603902838.0,1641824891.7154784
..\4RAEU0001 (24).JPG,1603902840.0,1641824891.7154784
..\4RAEU0001 (25).JPG,1603902840.0,1641824891.7312472
..\4RAEU0001 (26).JPG,1603903488.0,1641824891.7467206
..\4RAEU0001 (27).JPG,1603903488.0,1641824891.7467206
..\4RAEU0001 (28).JPG,1603903488.0,1641824891.76234
..\4RAEU0001 (29).JPG,1603903490.0,1641824891.76234
..\4RAEU0001 (3).JPG,1603855582.0,1641824891.5282767
..\4RAEU0001 (30).JPG,1603903490.0,1641824891.77809
..\4RAEU0001 (31).JPG,1603989280.0,1641824891.77809
..\4RAEU0001 (32).JPG,1603989282.0,1641824891.7935853
..\4RAEU0001 (33).JPG,1603989282.0,1641824891.7935853
..\4RAEU0001 (34).JPG,1603989282.0,1641824891.8092284
..\4RAEU0001 (35).JPG,1603989282.0,1641824891.8092284
..\4RAEU0001 (36).JPG,1604854496.0,1641824891.824825
..\4RAEU0001 (37).JPG,1604855798.0,1641824891.824825
..\4RAEU0001 (38).JPG,1604855798.0,1641824891.8404472
..\4RAEU0001 (39).JPG,1604855798.0,1641824891.8560674
..\4RAEU0001 (4).JPG,1603855584.0,1641824891.543642
..\4RAEU0001 (40).JPG,1604855798.0,1641824891.8560674
..\4RAEU0001 (41).JPG,1604855800.0,1641824891.8716886
..\4RAEU0001 (42).JPG,1604944698.0,1641824891.8716886
..\4RAEU0001 (43).JPG,1604944698.0,1641824891.8873105
..\4RAEU0001 (44).JPG,1604944700.0,1641824891.8873105
..\4RAEU0001 (45).JPG,1604944700.0,1641824891.9030793
..\4RAEU0001 (46).JPG,1604944700.0,1641824891.9030793
..\4RAEU0001 (47).JPG,1605279402.0,1641824891.9185524
..\4RAEU0001 (48).JPG,1605279402.0,1641824891.9185524
..\4RAEU0001 (49).JPG,1605279402.0,1641824891.9341743
..\4RAEU0001 (5).JPG,1603855584.0,1641824891.543642
..\4RAEU0001 (50).JPG,1605279402.0,1641824891.9341743
..\4RAEU0001 (51).JPG,1605279402.0,1641824891.4967773
..\4RAEU0001 (6).JPG,1603856826.0,1641824891.5592654
..\4RAEU0001 (7).JPG,1603856826.0,1641824891.5592654
..\4RAEU0001 (8).JPG,1603856826.0,1641824891.5748847
..\4RAEU0001 (9).JPG,1603856826.0,1641824891.5748847
..\RAEU0001.JPG,1590497824.0,1641824661.367032
..\RAEU0002.JPG,1590497824.0,1641824661.3826542
..\RAEU0003.JPG,1590497824.0,1641824661.3982775
..\RAEU0004.JPG,1590497826.0,1641824661.413898
..\RAEU0005.JPG,1590497826.0,1641824661.413898
..\RAEU0006.JPG,1590577536.0,1641824661.429518
..\RAEU0007.JPG,1590577536.0,1641824661.445142
..\RAEU0008.JPG,1590577538.0,1641824661.4607606
..\RAEU0009.JPG,1590577538.0,1641824661.4763823
..\RAEU0010.JPG,1590577538.0,1641824661.4920042
..\RAEU0011.JPG,1590579412.0,1641824661.4920042
..\RAEU0012.JPG,1590579414.0,1641824661.5076263
..\RAEU0013.JPG,1590579414.0,1641824661.5232465
..\RAEU0014.JPG,1590579414.0,1641824661.538867
..\RAEU0015.JPG,1590579416.0,1641824661.5544887
..\RAEU0016.JPG,1590598490.0,1641824661.5701122
..\RAEU0017.JPG,1590598492.0,1641824661.5701122
..\RAEU0018.JPG,1590598492.0,1641824661.5701122
..\RAEU0019.JPG,1590598492.0,1641824661.5701122
..\RAEU0020.JPG,1590598494.0,1641824661.5857334
..\RAEU0021.JPG,1590662974.0,1641824661.5857334
..\RAEU0022.JPG,1590662974.0,1641824661.5857334
..\RAEU0023.JPG,1590662976.0,1641824661.6013534
..\RAEU0024.JPG,1590662976.0,1641824661.6013534
..\RAEU0025.JPG,1590662976.0,1641824661.616975
..\RAEU0026.JPG,1590901470.0,1641824661.6327877
..\RAEU0027.JPG,1590901470.0,1641824661.6482172
..\RAEU0028.JPG,1590901470.0,1641824661.6638386
..\RAEU0029.JPG,1590901472.0,1641824661.6638386
..\RAEU0030.JPG,1590901472.0,1641824661.67961
..\RAEU0031.JPG,1590945762.0,1641824661.6950808
..\RAEU0032.JPG,1590945762.0,1641824661.710701
..\RAEU0033.JPG,1590945762.0,1641824661.710701
..\RAEU0034.JPG,1590945762.0,1641824661.7263587
..\RAEU0035.JPG,1590945764.0,1641824661.7419438
..\RAEU0041.JPG,1591086776.0,1641824661.7419438
..\RAEU0042.JPG,1591086776.0,1641824661.7575655
..\RAEU0043.JPG,1591086776.0,1641824661.7731867
..\RAEU0044.JPG,1591086776.0,1641824661.7731867
..\RAEU0045.JPG,1591086778.0,1641824661.7731867
..\RAEU0046.JPG,1591701950.0,1641824661.7888076
..\RAEU0047.JPG,1591701950.0,1641824661.8044293
..\RAEU0048.JPG,1591701952.0,1641824661.8044293
..\RAEU0049.JPG,1591701952.0,1641824661.8200505
..\RAEU0050.JPG,1591701952.0,1641824661.8356707
..\RAEU0051.JPG,1591933728.0,1641824661.8513052
..\RAEU0052.JPG,1591933728.0,1641824661.8669162
..\RAEU0053.JPG,1591933728.0,1641824661.8669162
..\RAEU0054.JPG,1591933730.0,1641824661.882583
..\RAEU0055.JPG,1591933730.0,1641824661.898365
..\RAEU0056.JPG,1592099366.0,1641824661.898365
..\RAEU0057.JPG,1592099366.0,1641824661.9137776
..\RAEU0058.JPG,1592099366.0,1641824661.9137776
..\RAEU0059.JPG,1592099366.0,1641824661.9293997
..\RAEU0060.JPG,1592099366.0,1641824661.945021
..\RAEU0061.JPG,1592128720.0,1641824661.945021
..\RAEU0062.JPG,1592128722.0,1641824661.960642
..\RAEU0063.JPG,1592128722.0,1641824661.9762633
..\RAEU0064.JPG,1592128722.0,1641824661.9762633
..\RAEU0065.JPG,1592128724.0,1641824661.9920323
..\RAEU0066.JPG,1592129016.0,1641824662.0075085
..\RAEU0067.JPG,1592129016.0,1641824662.0075085
..\RAEU0068.JPG,1592129016.0,1641824662.0231278
..\RAEU0069.JPG,1592129018.0,1641824662.0387638
..\RAEU0070.JPG,1592129018.0,1641824662.0387638
..\RAEU0071.JPG,1592139180.0,1641824662.0543702
..\RAEU0072.JPG,1592139180.0,1641824662.0699925
..\RAEU0073.JPG,1592139180.0,1641824662.0856142
..\RAEU0074.JPG,1592139182.0,1641824662.0856142
..\RAEU0075.JPG,1592139182.0,1641824662.1012342
..\RAEU0076.JPG,1592152470.0,1641824662.116861
..\RAEU0077.JPG,1592152470.0,1641824662.116861
..\RAEU0078.JPG,1592152472.0,1641824662.1324773
..\RAEU0079.JPG,1592152472.0,1641824662.148098
..\RAEU0080.JPG,1592152472.0,1641824662.1637197
